"日付","球場","イニング","表/裏","ホーム得点","ビジター得点","打席","打者数","球数","打席内球数","登板順","投手名","投手投げ手左右","投手チーム","打者名","打者打席左右","打者チーム","走者有無","走者得点圏","走者状況","アウトカウント","ボールカウント","ストライクカウント","球種","球種系統","球速","投球コース","ストライクゾーン","投球結果","盗塁有無","初球","結果球","逆球","打球性質","打席結果","打球ランク","打球方向","第一捕球者","得点有無","得点数","打点数","投球後ホーム得点","投球後ビジター得点","投球後アウトカウント","投球後ボールカウント","投球後ストライクカウント","牽制先","タイムスタンプ","捕手名","自責点","責任投手1","責任投手2","責任投手3","責任投手4","作戦","メモ","投球位置x座標","投球位置y座標","打球位置x座標","打球位置y座標"
"2026/4/3","ホーム球場",1,"表",0,0,1,1,1,1,1,"林翔大","右","ENEOS","高橋謙太","左","北海道ガス",0,0,"000",0,0,0,"ストレート","真直ぐ系",144,25,0,"ボール",0,1,0,,"",,"","",0,0,0,0,0,0,0,1,0,0,"2026/04/03 10:51:34","有馬諒",0,"","","","","","",48,38,,
"2026/4/3","ホーム球場",1,"表",0,0,1,1,2,2,1,"林翔大","右","ENEOS","高橋謙太","左","北海道ガス",0,0,"000",0,1,0,"ストレート","真直ぐ系",145,3,1,"ファウル",0,0,0,,"ゴロ",,"B","R",0,0,0,0,0,0,0,1,1,0,"2026/04/03 10:51:44","有馬諒",0,"","","","","","",186,64,165,-18
"2026/4/3","ホーム球場",1,"表",0,0,1,1,3,3,1,"林翔大","右","ENEOS","高橋謙太","左","北海道ガス",0,0,"000",0,1,1,"カーブ","曲がる系",114,6,1,"見送り",0,0,0,,"",,"","",0,0,0,0,0,0,0,1,2,0,"2026/04/03 10:52:06","有馬諒",0,"","","","","","",163,115,,
"2026/4/3","ホーム球場",1,"表",0,0,1,1,4,4,1,"林翔大","右","ENEOS","高橋謙太","左","北海道ガス",0,0,"000",0,1,2,"スプリット","落ちる系",138,2,1,"ファウル",0,0,0,,"ゴロ",,"B","R",0,0,0,0,0,0,0,1,2,0,"2026/04/03 10:52:23","有馬諒",0,"","","","","","",211,124,118,-26
"2026/4/3","ホーム球場",1,"表",0,0,1,1,5,5,1,"林翔大","右","ENEOS","高橋謙太","左","北海道ガス",0,0,"000",0,1,2,"カットボール","曲がる系",131,6,1,"ファウル",0,0,0,,"ゴロ",,"B","R",0,0,0,0,0,0,0,1,2,0,"2026/04/03 10:52:51","有馬諒",0,"","","","","","",126,115,29,-23
"2026/4/3","ホーム球場",1,"表",0,0,1,1,6,6,1,"林翔大","右","ENEOS","高橋謙太","左","北海道ガス",0,0,"000",0,1,2,"チェンジアップ","落ちる系",130,1,1,"",0,0,1,,"フライ","遊飛","B","CL",6,0,0,0,0,0,1,0,0,0,"2026/04/03 10:53:20","有馬諒",0,"","","","","","",196,191,100,149
"2026/4/3","ホーム球場",1,"表",0,0,1,2,7,1,1,"林翔大","右","ENEOS","長谷川寛","左","北海道ガス",0,0,"000",1,0,0,"ストレート","真直ぐ系",145,7,1,"ファウル",0,1,0,,"フライ",,"B","L",0,0,0,0,0,0,1,0,1,0,"2026/04/03 10:53:53","有馬諒",0,"","","","","","",108,202,-44,-38
"2026/4/3","ホーム球場",1,"表",0,0,1,2,8,2,1,"林翔大","右","ENEOS","長谷川寛","左","北海道ガス",0,0,"000",1,0,1,"ストレート","真直ぐ系",144,8,1,"",0,0,1,,"ライナー","右直","A","CR",9,0,0,0,0,0,2,0,0,0,"2026/04/03 10:54:11","有馬諒",0,"","","","","","",104,134,195,73
"2026/4/3","ホーム球場",1,"表",0,0,1,3,9,1,1,"林翔大","右","ENEOS","菱田万尋","左","北海道ガス",0,0,"000",2,0,0,"カーブ","曲がる系",114,3,1,"見送り",0,1,0,,"",,"","",0,0,0,0,0,0,2,0,1,0,"2026/04/03 10:54:43","有馬諒",0,"","","","","","",223,107,,
"2026/4/3","ホーム球場",1,"表",0,0,1,3,10,2,1,"林翔大","右","ENEOS","菱田万尋","左","北海道ガス",0,0,"000",2,0,1,"ストレート","真直ぐ系",144,2,1,"",0,0,1,,"ゴロ","二ゴ","B","C",4,0,0,0,0,0,3,0,0,0,"2026/04/03 10:54:56","有馬諒",0,"","","","","","",215,171,112,89
"2026/4/3","ホーム球場",1,"裏",0,0,1,1,1,1,1,"村上大芽","右","北海道ガス","飯山志夢","左","ENEOS",0,0,"000",0,0,0,"ストレート","真直ぐ系",141,14,0,"ボール",0,1,0,,"",,"","",0,0,0,0,0,0,0,1,0,0,"2026/04/03 10:57:18","中林健吾",0,"","","","","","",263,42,,
"2026/4/3","ホーム球場",1,"裏",0,0,1,1,2,2,1,"村上大芽","右","北海道ガス","飯山志夢","左","ENEOS",0,0,"000",0,1,0,"スプリット","落ちる系",136,12,0,"ボール",0,0,0,,"",,"","",0,0,0,0,0,0,0,2,0,0,"2026/04/03 10:57:30","中林健吾",0,"","","","","","",257,156,,
"2026/4/3","ホーム球場",1,"裏",0,0,1,1,3,3,1,"村上大芽","右","北海道ガス","飯山志夢","左","ENEOS",0,0,"000",0,2,0,"ストレート","真直ぐ系",141,13,0,"ボール",0,0,0,1,"",,"","",0,0,0,0,0,0,0,3,0,0,"2026/04/03 10:57:45","中林健吾",0,"","","","","","",262,110,,
"2026/4/3","ホーム球場",1,"裏",0,0,1,1,4,4,1,"村上大芽","右","北海道ガス","飯山志夢","左","ENEOS",0,0,"000",0,3,0,"ストレート","真直ぐ系",141,3,1,"見送り",0,0,0,,"",,"","",0,0,0,0,0,0,0,3,1,0,"2026/04/03 10:58:00","中林健吾",0,"","","","","","",191,116,,
"2026/4/3","ホーム球場",1,"裏",0,0,1,1,5,5,1,"村上大芽","右","北海道ガス","飯山志夢","左","ENEOS",0,0,"000",0,3,1,"ストレート","真直ぐ系",142,2,1,"",0,0,1,,"ライナー","左安","A","L",7,0,0,0,0,0,0,0,0,0,"2026/04/03 10:58:16","中林健吾",0,"","","","","","",202,180,10,161
"2026/4/3","ホーム球場",1,"裏",0,0,1,2,6,1,1,"村上大芽","右","北海道ガス","猿渡颯","左","ENEOS",1,0,"100",0,0,0,"ツーシーム","真直ぐ系",138,15,0,"ボール",0,1,0,,"",,"","",0,0,0,0,0,0,0,1,0,0,"2026/04/03 10:59:01","中林健吾",0,"","","","","","",213,248,,
"2026/4/3","ホーム球場",1,"裏",0,0,1,2,7,2,1,"村上大芽","右","北海道ガス","猿渡颯","左","ENEOS",1,0,"100",0,1,0,"スライダー","曲がる系",133,19,0,"ボール",0,0,0,,"",,"","",0,0,0,0,0,0,0,2,0,0,"2026/04/03 10:59:24","中林健吾",0,"","","","","打ち→バント構え","",107,256,,
"2026/4/3","ホーム球場",1,"裏",0,0,1,2,8,3,1,"村上大芽","右","北海道ガス","猿渡颯","左","ENEOS",1,0,"100",0,2,0,"ストレート","真直ぐ系",139,2,1,"見送り",0,0,0,,"",,"","",0,0,0,0,0,0,0,2,1,0,"2026/04/03 10:59:47","中林健吾",0,"","","","","打ち→バント構え","",227,132,,
"2026/4/3","ホーム球場",1,"裏",0,0,1,2,9,4,1,"村上大芽","右","北海道ガス","猿渡颯","左","ENEOS",1,0,"100",0,2,1,"ストレート","真直ぐ系",140,11,0,"ボール",1,0,0,,"",,"","",0,0,0,0,0,0,0,3,1,0,"2026/04/03 11:00:07","中林健吾",0,"","","","","盗塁/盗塁成功","",251,201,,
"2026/4/3","ホーム球場",1,"裏",0,0,1,2,10,5,1,"村上大芽","右","北海道ガス","猿渡颯","左","ENEOS",1,1,"020",0,3,1,"ストレート","真直ぐ系",141,12,0,"ボール",0,0,1,,"","四球","","",0,0,0,0,0,0,0,0,0,0,"2026/04/03 11:00:42","中林健吾",0,"","","","","","",263,137,,
"2026/4/3","ホーム球場",1,"裏",0,0,1,3,11,1,1,"村上大芽","右","北海道ガス","山田陸人","右","ENEOS",1,1,"120",0,0,0,"スライダー","曲がる系",122,8,1,"見送り",0,1,0,,"",,"","",0,0,0,0,0,0,0,0,1,0,"2026/04/03 11:01:32","中林健吾",0,"","","","","","",76,163,,
"2026/4/3","ホーム球場",1,"裏",0,0,1,3,12,2,1,"村上大芽","右","北海道ガス","山田陸人","右","ENEOS",1,1,"120",0,0,1,"カットボール","曲がる系",137,9,1,"",0,0,1,,"ゴロ","遊併","B","CL",6,0,0,0,0,0,2,0,0,0,"2026/04/03 11:01:50","中林健吾",0,"","","","","","",77,93,57,98
"2026/4/3","ホーム球場",1,"裏",0,0,1,4,13,1,1,"村上大芽","右","北海道ガス","村上裕一郎","右","ENEOS",1,1,"003",2,0,0,"カーブ","曲がる系",118,1,1,"見送り",0,1,0,,"",,"","",0,0,0,0,0,0,2,0,1,0,"2026/04/03 11:02:31","中林健吾",0,"","","","","","",208,182,,
"2026/4/3","ホーム球場",1,"裏",0,0,1,4,14,2,1,"村上大芽","右","北海道ガス","村上裕一郎","右","ENEOS",1,1,"003",2,0,1,"スプリット","落ちる系",137,18,0,"ボール",0,0,0,,"",,"","",0,0,0,0,0,0,2,1,1,0,"2026/04/03 11:02:48","中林健吾",0,"","","","","","",147,13,,
"2026/4/3","ホーム球場",1,"裏",0,0,1,4,15,3,1,"村上大芽","右","北海道ガス","村上裕一郎","右","ENEOS",1,1,"003",2,1,1,"スプリット","落ちる系",135,18,0,"ボール",0,0,0,,"",,"","",0,0,0,0,0,0,2,2,1,0,"2026/04/03 11:03:05","中林健吾",0,"","","","","","",155,6,,
"2026/4/3","ホーム球場",1,"裏",0,0,1,4,16,4,1,"村上大芽","右","北海道ガス","村上裕一郎","右","ENEOS",1,1,"003",2,2,1,"スプリット","落ちる系",133,2,1,"ファウル",0,0,0,,"フライ",,"A","L",0,0,0,0,0,0,2,2,2,0,"2026/04/03 11:03:25","中林健吾",0,"","","","","","",205,141,-30,272
"2026/4/3","ホーム球場",1,"裏",0,0,1,4,17,5,1,"村上大芽","右","北海道ガス","村上裕一郎","右","ENEOS",1,1,"003",2,2,2,"ストレート","真直ぐ系",144,8,1,"",0,0,1,,"フライ","中飛","B","C",8,0,0,0,0,0,3,0,0,0,"2026/04/03 11:03:57","中林健吾",0,"","","","","","",106,128,245,185
"2026/4/3","ホーム球場",2,"表",0,0,1,1,11,1,1,"林翔大","右","ENEOS","寺田和史","左","北海道ガス",0,0,"000",0,0,0,"カーブ","曲がる系",114,6,1,"",0,1,1,,"ゴロ","二ゴ","B","CR",4,0,0,0,0,0,1,0,0,0,"2026/04/03 11:06:17","有馬諒",0,"","","","","","",169,95,103,52
"2026/4/3","ホーム球場",2,"表",0,0,1,2,12,1,1,"林翔大","右","ENEOS","安田大将","左","北海道ガス",0,0,"000",1,0,0,"カーブ","曲がる系",110,7,1,"",0,1,1,,"ライナー","三直","C","L",5,0,0,0,0,0,2,0,0,0,"2026/04/03 11:06:46","有馬諒",0,"","","","","","",114,208,3,85
"2026/4/3","ホーム球場",2,"表",0,0,1,3,13,1,1,"林翔大","右","ENEOS","武井伽耶飛","左","北海道ガス",0,0,"000",2,0,0,"カーブ","曲がる系",113,20,0,"ボール",0,1,0,,"",,"","",0,0,0,0,0,0,2,1,0,0,"2026/04/03 11:07:16","有馬諒",0,"","","","","","",109,3,,
"2026/4/3","ホーム球場",2,"表",0,0,1,3,14,2,1,"林翔大","右","ENEOS","武井伽耶飛","左","北海道ガス",0,0,"000",2,1,0,"ストレート","真直ぐ系",144,3,1,"",0,0,1,,"ライナー","右安","B","R",9,0,0,0,0,0,2,0,0,0,"2026/04/03 11:07:32","有馬諒",0,"","","","","","",181,96,172,23
"2026/4/3","ホーム球場",2,"表",0,0,1,4,15,1,1,"林翔大","右","ENEOS","佐藤槙平","右","北海道ガス",1,0,"100",2,0,0,"ストレート","真直ぐ系",143,2,1,"見送り",0,1,0,,"",,"","",0,0,0,0,0,0,2,0,1,0,"2026/04/03 11:08:05","有馬諒",0,"","","","","","",209,136,,
"2026/4/3","ホーム球場",2,"表",0,0,1,4,16,2,1,"林翔大","右","ENEOS","佐藤槙平","右","北海道ガス",1,0,"100",2,0,1,"ストレート","真直ぐ系",142,8,1,"",0,0,1,,"ゴロ","左安","B","L",7,0,0,0,0,0,2,0,0,0,"2026/04/03 11:08:20","有馬諒",0,"","","","","","",112,129,29,159
"2026/4/3","ホーム球場",2,"表",0,0,1,5,17,1,1,"林翔大","右","ENEOS","渡邊浩伸","左","北海道ガス",1,1,"120",2,0,0,"カーブ","曲がる系",115,3,1,"ファウル",0,1,0,,"ゴロ",,"B","R",0,0,0,0,0,0,2,0,1,0,"2026/04/03 11:09:04","有馬諒",0,"","","","","","",187,89,30,-34
"2026/4/3","ホーム球場",2,"表",0,0,1,5,17,1,1,"林翔大","右","ENEOS","渡邊浩伸","左","北海道ガス",1,1,"120",2,0,1,"","",0,0,0,"",0,1,0,,"",,"","",0,0,0,0,0,0,2,0,1,2,"2026/04/03 11:09:28","有馬諒",0,"","","","","","",,,,
"2026/4/3","ホーム球場",2,"表",0,0,1,5,18,2,1,"林翔大","右","ENEOS","渡邊浩伸","左","北海道ガス",1,1,"120",2,0,1,"ストレート","真直ぐ系",144,17,0,"ボール",0,0,0,,"",,"","",0,0,0,0,0,0,2,1,1,0,"2026/04/03 11:09:49","有馬諒",0,"","","","","","",150,250,,
"2026/4/3","ホーム球場",2,"表",0,0,1,5,19,3,1,"林翔大","右","ENEOS","渡邊浩伸","左","北海道ガス",1,1,"120",2,1,1,"チェンジアップ","落ちる系",130,3,1,"",0,0,1,,"ゴロ","二ゴ","B","CR",4,0,0,0,0,0,3,0,0,0,"2026/04/03 11:10:06","有馬諒",0,"","","","","","",181,97,108,40
"2026/4/3","ホーム球場",2,"裏",0,0,1,1,18,1,1,"村上大芽","右","北海道ガス","丸山壮史","左","ENEOS",0,0,"000",0,0,0,"チェンジアップ","落ちる系",126,9,1,"見送り",0,1,0,,"",,"","",0,0,0,0,0,0,0,0,1,0,"2026/04/03 11:12:12","中林健吾",0,"","","","","","",117,106,,
"2026/4/3","ホーム球場",2,"裏",0,0,1,1,19,2,1,"村上大芽","右","北海道ガス","丸山壮史","左","ENEOS",0,0,"000",0,0,1,"ストレート","真直ぐ系",140,12,0,"ボール",0,0,0,,"",,"","",0,0,0,0,0,0,0,1,1,0,"2026/04/03 11:12:23","中林健吾",0,"","","","","","",254,140,,
"2026/4/3","ホーム球場",2,"裏",0,0,1,1,20,3,1,"村上大芽","右","北海道ガス","丸山壮史","左","ENEOS",0,0,"000",0,1,1,"ストレート","真直ぐ系",140,13,0,"ボール",0,0,0,,"",,"","",0,0,0,0,0,0,0,2,1,0,"2026/04/03 11:12:35","中林健吾",0,"","","","","","",275,113,,
"2026/4/3","ホーム球場",2,"裏",0,0,1,1,21,4,1,"村上大芽","右","北海道ガス","丸山壮史","左","ENEOS",0,0,"000",0,2,1,"ツーシーム","真直ぐ系",139,6,1,"空振り",0,0,0,,"",,"","",0,0,0,0,0,0,0,2,2,0,"2026/04/03 11:12:48","中林健吾",0,"","","","","","",150,87,,
"2026/4/3","ホーム球場",2,"裏",0,0,1,1,22,5,1,"村上大芽","右","北海道ガス","丸山壮史","左","ENEOS",0,0,"000",0,2,2,"チェンジアップ","落ちる系",131,3,1,"ファウル",0,0,0,,"ゴロ",,"B","R",0,0,0,0,0,0,0,2,2,0,"2026/04/03 11:13:02","中林健吾",0,"","","","","","",216,96,19,-26
"2026/4/3","ホーム球場",2,"裏",0,0,1,1,23,6,1,"村上大芽","右","北海道ガス","丸山壮史","左","ENEOS",0,0,"000",0,2,2,"スプリット","落ちる系",138,12,0,"ボール",0,0,0,,"",,"","",0,0,0,0,0,0,0,3,2,0,"2026/04/03 11:13:31","中林健吾",0,"","","","","","",263,135,,
"2026/4/3","ホーム球場",2,"裏",0,0,1,1,24,7,1,"村上大芽","右","北海道ガス","丸山壮史","左","ENEOS",0,0,"000",0,3,2,"ストレート","真直ぐ系",141,7,1,"ファウル",0,0,0,,"フライ",,"B","R",0,0,0,0,0,0,0,3,2,0,"2026/04/03 11:13:47","中林健吾",0,"","","","","","",118,182,-19,-25
"2026/4/3","ホーム球場",2,"裏",0,0,1,1,25,8,1,"村上大芽","右","北海道ガス","丸山壮史","左","ENEOS",0,0,"000",0,3,2,"ストレート","真直ぐ系",141,4,1,"",0,0,1,,"フライ","左本","B","L",7,1,1,1,1,0,0,0,0,0,"2026/04/03 11:14:10","中林健吾",1,"村上大芽","","","","","",121,214,32,292
"2026/4/3","ホーム球場",2,"裏",1,0,1,2,26,1,1,"村上大芽","右","北海道ガス","有馬諒","右","ENEOS",0,0,"000",0,0,0,"カーブ","曲がる系",120,17,0,"ボール",0,1,0,,"",,"","",0,0,0,0,1,0,0,1,0,0,"2026/04/03 11:14:58","中林健吾",0,"","","","","","",164,271,,
"2026/4/3","ホーム球場",2,"裏",1,0,1,2,27,2,1,"村上大芽","右","北海道ガス","有馬諒","右","ENEOS",0,0,"000",0,1,0,"ストレート","真直ぐ系",141,9,1,"",0,0,1,,"ライナー","中安","B","C",8,0,0,0,1,0,0,0,0,0,"2026/04/03 11:15:10","中林健吾",0,"","","","","","",109,117,150,117
"2026/4/3","ホーム球場",2,"裏",1,0,1,3,28,1,1,"村上大芽","右","北海道ガス","姫木陸斗","左","ENEOS",1,0,"100",0,0,0,"ストレート","真直ぐ系",141,9,1,"ファウル",0,1,0,,"フライ",,"C","R",0,0,0,0,1,0,0,0,1,0,"2026/04/03 11:15:55","中林健吾",0,"","","","","打ち→バント構え/バントファウル","",110,118,-37,-43
"2026/4/3","ホーム球場",2,"裏",1,0,1,3,29,2,1,"村上大芽","右","北海道ガス","姫木陸斗","左","ENEOS",1,0,"100",0,0,1,"ストレート","真直ぐ系",140,5,1,"",0,0,1,,"ゴロ","投犠打","B","R",1,0,0,0,1,0,1,0,0,0,"2026/04/03 11:16:18","中林健吾",0,"","","","","バント","",160,124,48,13
"2026/4/3","ホーム球場",2,"裏",1,0,1,4,30,1,1,"村上大芽","右","北海道ガス","植田響介","右","ENEOS",1,1,"020",1,0,0,"スプリット","落ちる系",137,20,0,"ボール",0,1,0,,"",,"","",0,0,0,0,1,0,1,1,0,0,"2026/04/03 11:16:59","中林健吾",0,"","","","","","",102,38,,
"2026/4/3","ホーム球場",2,"裏",1,0,1,4,31,2,1,"村上大芽","右","北海道ガス","植田響介","右","ENEOS",1,1,"020",1,1,0,"ストレート","真直ぐ系",142,20,0,"ボール",0,0,0,1,"",,"","",0,0,0,0,1,0,1,2,0,0,"2026/04/03 11:17:17","中林健吾",0,"","","","","","",79,11,,
"2026/4/3","ホーム球場",2,"裏",1,0,1,4,32,3,1,"村上大芽","右","北海道ガス","植田響介","右","ENEOS",1,1,"020",1,2,0,"ツーシーム","真直ぐ系",138,2,1,"見送り",0,0,0,,"",,"","",0,0,0,0,1,0,1,2,1,0,"2026/04/03 11:17:38","中林健吾",0,"","","","","","",185,136,,
"2026/4/3","ホーム球場",2,"裏",1,0,1,4,33,4,1,"村上大芽","右","北海道ガス","植田響介","右","ENEOS",1,1,"020",1,2,1,"ストレート","真直ぐ系",143,10,0,"ボール",0,0,0,,"",,"","",0,0,0,0,1,0,1,3,1,0,"2026/04/03 11:17:57","中林健吾",0,"","","","","","",239,254,,
"2026/4/3","ホーム球場",2,"裏",1,0,1,4,34,5,1,"村上大芽","右","北海道ガス","植田響介","右","ENEOS",1,1,"020",1,3,1,"ストレート","真直ぐ系",143,9,1,"ファウル",0,0,0,,"ライナー",,"B","R",0,0,0,0,1,0,1,3,2,0,"2026/04/03 11:18:19","中林健吾",0,"","","","","","",120,111,49,-34
"2026/4/3","ホーム球場",2,"裏",1,0,1,4,35,6,1,"村上大芽","右","北海道ガス","植田響介","右","ENEOS",1,1,"020",1,3,2,"ストレート","真直ぐ系",141,8,1,"ファウル",0,0,0,,"ライナー",,"B","R",0,0,0,0,1,0,1,3,2,0,"2026/04/03 11:18:45","中林健吾",0,"","","","","","",72,163,97,-43
"2026/4/3","ホーム球場",2,"裏",1,0,1,4,36,7,1,"村上大芽","右","北海道ガス","植田響介","右","ENEOS",1,1,"020",1,3,2,"ストレート","真直ぐ系",138,8,1,"ファウル",0,0,0,,"ゴロ",,"B","L",0,0,0,0,1,0,1,3,2,0,"2026/04/03 11:19:09","中林健吾",0,"","","","","","",109,147,-26,146
"2026/4/3","ホーム球場",2,"裏",1,0,1,4,37,8,1,"村上大芽","右","北海道ガス","植田響介","右","ENEOS",1,1,"020",1,3,2,"ストレート","真直ぐ系",142,8,1,"ファウル",0,0,0,,"ゴロ",,"B","L",0,0,0,0,1,0,1,3,2,0,"2026/04/03 11:19:53","中林健吾",0,"","","","","","",106,129,-33,100
"2026/4/3","ホーム球場",2,"裏",1,0,1,4,38,9,1,"村上大芽","右","北海道ガス","植田響介","右","ENEOS",1,1,"020",1,3,2,"ストレート","真直ぐ系",142,8,1,"ファウル",0,0,0,,"ライナー",,"B","R",0,0,0,0,1,0,1,3,2,0,"2026/04/03 11:20:19","中林健吾",0,"","","","","","",94,142,-30,-35
"2026/4/3","ホーム球場",2,"裏",1,0,1,4,39,10,1,"村上大芽","右","北海道ガス","植田響介","右","ENEOS",1,1,"020",1,3,2,"チェンジアップ","落ちる系",133,12,0,"ボール",0,0,1,,"","四球","","",0,0,0,0,1,0,1,0,0,0,"2026/04/03 11:20:46","中林健吾",0,"","","","","","",256,160,,
"2026/4/3","ホーム球場",2,"裏",1,0,1,5,40,1,1,"村上大芽","右","北海道ガス","篠原涼","左","ENEOS",1,1,"120",1,0,0,"チェンジアップ","落ちる系",131,5,1,"見送り",0,1,0,,"",,"","",0,0,0,0,1,0,1,0,1,0,"2026/04/03 11:21:26","中林健吾",0,"","","","","","",142,124,,
"2026/4/3","ホーム球場",2,"裏",1,0,1,5,41,2,1,"村上大芽","右","北海道ガス","篠原涼","左","ENEOS",1,1,"120",1,0,1,"ストレート","真直ぐ系",142,15,0,"ボール",0,0,0,,"",,"","",0,0,0,0,1,0,1,1,1,0,"2026/04/03 11:21:44","中林健吾",0,"","","","","","",235,267,,
"2026/4/3","ホーム球場",2,"裏",1,0,1,5,42,3,1,"村上大芽","右","北海道ガス","篠原涼","左","ENEOS",1,1,"120",1,1,1,"スプリット","落ちる系",134,6,1,"",0,0,1,,"ライナー","左安","B","L",7,0,0,0,1,0,1,0,0,0,"2026/04/03 11:22:06","中林健吾",0,"","","","","","",167,98,30,172
"2026/4/3","ホーム球場",2,"裏",1,0,2,6,43,1,1,"村上大芽","右","北海道ガス","飯山志夢","左","ENEOS",1,1,"123",1,0,0,"ストレート","真直ぐ系",142,2,1,"見送り",0,1,0,,"",,"","",0,0,0,0,1,0,1,0,1,0,"2026/04/03 11:23:05","中林健吾",0,"","","","","","",217,149,,
"2026/4/3","ホーム球場",2,"裏",1,0,2,6,44,2,1,"村上大芽","右","北海道ガス","飯山志夢","左","ENEOS",1,1,"123",1,0,1,"ストレート","真直ぐ系",143,12,0,"ボール",0,0,0,,"",,"","",0,0,0,0,1,0,1,1,1,0,"2026/04/03 11:23:23","中林健吾",0,"","","","","","",257,136,,
"2026/4/3","ホーム球場",2,"裏",1,0,2,6,45,3,1,"村上大芽","右","北海道ガス","飯山志夢","左","ENEOS",1,1,"123",1,1,1,"カットボール","曲がる系",138,1,1,"空振り",0,0,0,,"",,"","",0,0,0,0,1,0,1,1,2,0,"2026/04/03 11:23:44","中林健吾",0,"","","","","","",218,196,,
"2026/4/3","ホーム球場",2,"裏",1,0,2,6,46,4,1,"村上大芽","右","北海道ガス","飯山志夢","左","ENEOS",1,1,"123",1,1,2,"ストレート","真直ぐ系",144,12,0,"ボール",0,0,0,,"",,"","",0,0,0,0,1,0,1,2,2,0,"2026/04/03 11:24:08","中林健吾",0,"","","","","","",252,141,,
"2026/4/3","ホーム球場",2,"裏",1,0,2,6,47,5,1,"村上大芽","右","北海道ガス","飯山志夢","左","ENEOS",1,1,"123",1,2,2,"スプリット","落ちる系",133,1,1,"空振り",0,0,1,,"","空三振","","",2,0,0,0,1,0,2,0,0,0,"2026/04/03 11:24:30","中林健吾",0,"","","","","","",223,197,,
"2026/4/3","ホーム球場",2,"裏",1,0,2,7,48,1,1,"村上大芽","右","北海道ガス","猿渡颯","左","ENEOS",1,1,"123",2,0,0,"カーブ","曲がる系",119,2,1,"見送り",0,1,0,,"",,"","",0,0,0,0,1,0,2,0,1,0,"2026/04/03 11:25:06","中林健吾",0,"","","","","","",211,166,,
"2026/4/3","ホーム球場",2,"裏",1,0,2,7,49,2,1,"村上大芽","右","北海道ガス","猿渡颯","左","ENEOS",1,1,"123",2,0,1,"ストレート","真直ぐ系",143,15,0,"ボール",0,0,0,,"",,"","",0,0,0,0,1,0,2,1,1,0,"2026/04/03 11:25:25","中林健吾",0,"","","","","","",229,266,,
"2026/4/3","ホーム球場",2,"裏",1,0,2,7,50,3,1,"村上大芽","右","北海道ガス","猿渡颯","左","ENEOS",1,1,"123",2,1,1,"ストレート","真直ぐ系",137,24,0,"ボール",0,0,0,,"",,"","",0,0,0,0,1,0,2,2,1,0,"2026/04/03 11:25:43","中林健吾",0,"","","","","","",13,74,,
"2026/4/3","ホーム球場",2,"裏",1,0,2,7,51,4,1,"村上大芽","右","北海道ガス","猿渡颯","左","ENEOS",1,1,"123",2,2,1,"ツーシーム","真直ぐ系",139,6,1,"",0,0,1,,"ゴロ","一失策","B","R",3,1,1,0,2,0,2,0,0,0,"2026/04/03 11:26:05","中林健吾",0,"","","","","","",143,100,88,26
"2026/4/3","ホーム球場",2,"裏",2,0,2,8,52,1,1,"村上大芽","右","北海道ガス","山田陸人","右","ENEOS",1,1,"123",2,0,0,"カーブ","曲がる系",117,25,0,"ボール",0,1,0,,"",,"","",0,0,0,0,2,0,2,1,0,0,"2026/04/03 11:27:02","中林健吾",0,"","","","","","",59,34,,
"2026/4/3","ホーム球場",2,"裏",2,0,2,8,53,2,1,"村上大芽","右","北海道ガス","山田陸人","右","ENEOS",1,1,"123",2,1,0,"カットボール","曲がる系",137,8,1,"",0,0,1,,"ゴロ","遊安","B","CL",6,1,1,1,3,0,2,0,0,0,"2026/04/03 11:27:19","中林健吾",0,"","","","","","",96,123,37,106
"2026/4/3","ホーム球場",2,"裏",3,0,2,9,54,1,1,"村上大芽","右","北海道ガス","村上裕一郎","右","ENEOS",1,1,"123",2,0,0,"カーブ","曲がる系",116,17,0,"ボール",0,1,0,,"",,"","",0,0,0,0,3,0,2,1,0,0,"2026/04/03 11:28:08","中林健吾",0,"","","","","","",156,268,,
"2026/4/3","ホーム球場",2,"裏",3,0,2,9,55,2,1,"村上大芽","右","北海道ガス","村上裕一郎","右","ENEOS",1,1,"123",2,1,0,"ストレート","真直ぐ系",142,2,1,"ファウル",0,0,0,,"フライ",,"B","R",0,0,0,0,3,0,2,1,1,0,"2026/04/03 11:28:28","中林健吾",0,"","","","","","",189,166,-5,-43
"2026/4/3","ホーム球場",2,"裏",3,0,2,9,56,3,1,"村上大芽","右","北海道ガス","村上裕一郎","右","ENEOS",1,1,"123",2,1,1,"ツーシーム","真直ぐ系",138,6,1,"",0,0,1,,"フライ","中飛","B","CR",8,0,0,0,3,0,3,0,0,0,"2026/04/03 11:28:58","中林健吾",0,"","","","","","",148,113,240,153
"2026/4/3","ホーム球場",3,"表",3,0,1,1,20,1,1,"林翔大","右","ENEOS","中林健吾","右","北海道ガス",0,0,"000",0,0,0,"カットボール","曲がる系",139,20,0,"ボール",0,1,0,,"",,"","",0,0,0,0,3,0,0,1,0,0,"2026/04/03 11:31:06","有馬諒",0,"","","","","","",93,23,,
"2026/4/3","ホーム球場",3,"表",3,0,1,1,21,2,1,"林翔大","右","ENEOS","中林健吾","右","北海道ガス",0,0,"000",0,1,0,"ストレート","真直ぐ系",143,23,0,"ボール",0,0,0,,"",,"","",0,0,0,0,3,0,0,2,0,0,"2026/04/03 11:31:19","有馬諒",0,"","","","","","",36,155,,
"2026/4/3","ホーム球場",3,"表",3,0,1,1,22,3,1,"林翔大","右","ENEOS","中林健吾","右","北海道ガス",0,0,"000",0,2,0,"ストレート","真直ぐ系",139,8,1,"見送り",0,0,0,,"",,"","",0,0,0,0,3,0,0,2,1,0,"2026/04/03 11:31:33","有馬諒",0,"","","","","","",88,133,,
"2026/4/3","ホーム球場",3,"表",3,0,1,1,23,4,1,"林翔大","右","ENEOS","中林健吾","右","北海道ガス",0,0,"000",0,2,1,"ストレート","真直ぐ系",144,16,0,"ボール",0,0,0,,"",,"","",0,0,0,0,3,0,0,3,1,0,"2026/04/03 11:31:45","有馬諒",0,"","","","","","",229,25,,
"2026/4/3","ホーム球場",3,"表",3,0,1,1,24,5,1,"林翔大","右","ENEOS","中林健吾","右","北海道ガス",0,0,"000",0,3,1,"カットボール","曲がる系",139,8,1,"見送り",0,0,0,,"",,"","",0,0,0,0,3,0,0,3,2,0,"2026/04/03 11:32:04","有馬諒",0,"","","","","","",106,134,,
"2026/4/3","ホーム球場",3,"表",3,0,1,1,25,6,1,"林翔大","右","ENEOS","中林健吾","右","北海道ガス",0,0,"000",0,3,2,"カットボール","曲がる系",140,3,1,"",0,0,1,,"ゴロ","三ゴ","","L",5,0,0,0,3,0,1,0,0,0,"2026/04/03 11:32:18","有馬諒",0,"","","","","","",211,115,19,65
"2026/4/3","ホーム球場",3,"表",3,0,2,2,26,1,1,"林翔大","右","ENEOS","高橋謙太","左","北海道ガス",0,0,"000",1,0,0,"カットボール","曲がる系",138,8,1,"見送り",0,1,0,,"",,"","",0,0,0,0,3,0,1,0,1,0,"2026/04/03 11:32:52","有馬諒",0,"","","","","","",76,137,,
"2026/4/3","ホーム球場",3,"表",3,0,2,2,27,2,1,"林翔大","右","ENEOS","高橋謙太","左","北海道ガス",0,0,"000",1,0,1,"スライダー","曲がる系",120,12,0,"ボール",0,0,0,,"",,"","",0,0,0,0,3,0,1,1,1,0,"2026/04/03 11:33:02","有馬諒",0,"","","","","","",274,133,,
"2026/4/3","ホーム球場",3,"表",3,0,2,2,28,3,1,"林翔大","右","ENEOS","高橋謙太","左","北海道ガス",0,0,"000",1,1,1,"カットボール","曲がる系",138,8,1,"見送り",0,0,0,,"",,"","",0,0,0,0,3,0,1,1,2,0,"2026/04/03 11:33:13","有馬諒",0,"","","","","","",100,143,,
"2026/4/3","ホーム球場",3,"表",3,0,2,2,29,4,1,"林翔大","右","ENEOS","高橋謙太","左","北海道ガス",0,0,"000",1,1,2,"チェンジアップ","落ちる系",133,18,0,"ボール",0,0,0,,"",,"","",0,0,0,0,3,0,1,2,2,0,"2026/04/03 11:33:25","有馬諒",0,"","","","","","",171,12,,
"2026/4/3","ホーム球場",3,"表",3,0,2,2,30,5,1,"林翔大","右","ENEOS","高橋謙太","左","北海道ガス",0,0,"000",1,2,2,"ストレート","真直ぐ系",146,6,1,"",0,0,1,1,"フライ","二飛","","CR",4,0,0,0,3,0,2,0,0,0,"2026/04/03 11:33:40","有馬諒",0,"","","","","","",139,118,109,56
"2026/4/3","ホーム球場",3,"表",3,0,2,3,31,1,1,"林翔大","右","ENEOS","長谷川寛","左","北海道ガス",0,0,"000",2,0,0,"カットボール","曲がる系",135,6,1,"",0,1,1,,"フライ","右飛","","R",9,0,0,0,3,0,3,0,0,0,"2026/04/03 11:34:17","有馬諒",0,"","","","","","",122,121,184,56
"2026/4/3","ホーム球場",3,"裏",3,0,2,1,57,1,1,"村上大芽","右","北海道ガス","丸山壮史","左","ENEOS",0,0,"000",0,0,0,"カーブ","曲がる系",117,1,1,"見送り",0,1,0,,"",,"","",0,0,0,0,3,0,0,0,1,0,"2026/04/03 11:36:16","中林健吾",0,"","","","","","",215,227,,
"2026/4/3","ホーム球場",3,"裏",3,0,2,1,58,2,1,"村上大芽","右","北海道ガス","丸山壮史","左","ENEOS",0,0,"000",0,0,1,"ストレート","真直ぐ系",140,12,0,"ボール",0,0,0,,"",,"","",0,0,0,0,3,0,0,1,1,0,"2026/04/03 11:36:27","中林健吾",0,"","","","","","",266,125,,
"2026/4/3","ホーム球場",3,"裏",3,0,2,1,59,3,1,"村上大芽","右","北海道ガス","丸山壮史","左","ENEOS",0,0,"000",0,1,1,"ストレート","真直ぐ系",142,11,0,"ボール",0,0,0,,"",,"","",0,0,0,0,3,0,0,2,1,0,"2026/04/03 11:36:40","中林健吾",0,"","","","","","",276,206,,
"2026/4/3","ホーム球場",3,"裏",3,0,2,1,60,4,1,"村上大芽","右","北海道ガス","丸山壮史","左","ENEOS",0,0,"000",0,2,1,"ストレート","真直ぐ系",139,24,0,"ボール",0,0,0,1,"",,"","",0,0,0,0,3,0,0,3,1,0,"2026/04/03 11:36:54","中林健吾",0,"","","","","","",25,114,,
"2026/4/3","ホーム球場",3,"裏",3,0,2,1,61,5,1,"村上大芽","右","北海道ガス","丸山壮史","左","ENEOS",0,0,"000",0,3,1,"ストレート","真直ぐ系",140,6,1,"見送り",0,0,0,,"",,"","",0,0,0,0,3,0,0,3,2,0,"2026/04/03 11:37:13","中林健吾",0,"","","","","","",129,66,,
"2026/4/3","ホーム球場",3,"裏",3,0,2,1,62,6,1,"村上大芽","右","北海道ガス","丸山壮史","左","ENEOS",0,0,"000",0,3,2,"スプリット","落ちる系",137,18,0,"ボール",0,0,1,,"","四球","","",0,0,0,0,3,0,0,0,0,0,"2026/04/03 11:37:29","中林健吾",0,"","","","","","",135,36,,
"2026/4/3","ホーム球場",3,"裏",3,0,2,2,63,1,1,"村上大芽","右","北海道ガス","有馬諒","右","ENEOS",1,0,"100",0,0,0,"カットボール","曲がる系",133,7,1,"ファウル",0,1,0,,"フライ",,"","R",0,0,0,0,3,0,0,0,1,0,"2026/04/03 11:38:11","中林健吾",0,"","","","","セーフティバント/バントファウル","",80,197,32,-25
"2026/4/3","ホーム球場",3,"裏",3,0,2,2,63,1,1,"村上大芽","右","北海道ガス","有馬諒","右","ENEOS",1,0,"100",0,0,1,"","",0,0,0,"",0,1,0,,"",,"","",0,0,0,0,3,0,0,0,1,1,"2026/04/03 11:38:35","中林健吾",0,"","","","","","",,,,
"2026/4/3","ホーム球場",3,"裏",3,0,2,2,64,2,1,"村上大芽","右","北海道ガス","有馬諒","右","ENEOS",1,0,"100",0,0,1,"カットボール","曲がる系",133,17,0,"ボール",0,0,0,,"",,"","",0,0,0,0,3,0,0,1,1,0,"2026/04/03 11:38:48","中林健吾",0,"","","","","バント構え","",147,278,,
"2026/4/3","ホーム球場",3,"裏",3,0,2,2,65,3,1,"村上大芽","右","北海道ガス","有馬諒","右","ENEOS",1,0,"100",0,1,1,"ストレート","真直ぐ系",137,1,1,"",0,0,1,,"ゴロ","投犠打","","CR",1,0,0,0,3,0,1,0,0,0,"2026/04/03 11:39:08","中林健吾",0,"","","","","バント","",203,194,37,19
"2026/4/3","ホーム球場",3,"裏",3,0,2,3,66,1,1,"村上大芽","右","北海道ガス","姫木陸斗","左","ENEOS",1,1,"020",1,0,0,"ストレート","真直ぐ系",140,7,1,"ファウル",0,1,0,,"フライ",,"","L",0,0,0,0,3,0,1,0,1,0,"2026/04/03 11:39:49","中林健吾",0,"","","","","","",90,196,-13,11
"2026/4/3","ホーム球場",3,"裏",3,0,2,3,67,2,1,"村上大芽","右","北海道ガス","姫木陸斗","左","ENEOS",1,1,"020",1,0,1,"ストレート","真直ぐ系",142,11,0,"ボール",0,0,0,,"",,"","",0,0,0,0,3,0,1,1,1,0,"2026/04/03 11:40:16","中林健吾",0,"","","","","","",275,230,,
"2026/4/3","ホーム球場",3,"裏",3,0,2,3,68,3,1,"村上大芽","右","北海道ガス","姫木陸斗","左","ENEOS",1,1,"020",1,1,1,"ストレート","真直ぐ系",141,15,0,"",0,0,1,,"フライ","一飛","","R",3,0,0,0,3,0,2,0,0,0,"2026/04/03 11:40:36","中林健吾",0,"","","","","","",183,243,62,13
"2026/4/3","ホーム球場",3,"裏",3,0,2,4,69,1,1,"村上大芽","右","北海道ガス","植田響介","右","ENEOS",1,1,"020",2,0,0,"スプリット","落ちる系",132,16,0,"ボール",0,1,0,,"",,"","",0,0,0,0,3,0,2,1,0,0,"2026/04/03 11:41:18","中林健吾",0,"","","","","","",212,28,,
"2026/4/3","ホーム球場",3,"裏",3,0,2,4,70,2,1,"村上大芽","右","北海道ガス","植田響介","右","ENEOS",1,1,"020",2,1,0,"ストレート","真直ぐ系",141,23,0,"ボール",0,0,0,,"",,"","",0,0,0,0,3,0,2,2,0,0,"2026/04/03 11:41:37","中林健吾",0,"","","","","","",45,127,,
"2026/4/3","ホーム球場",3,"裏",3,0,2,4,71,3,1,"村上大芽","右","北海道ガス","植田響介","右","ENEOS",1,1,"020",2,2,0,"ストレート","真直ぐ系",142,5,1,"見送り",0,0,0,,"",,"","",0,0,0,0,3,0,2,2,1,0,"2026/04/03 11:41:58","中林健吾",0,"","","","","","",125,169,,
"2026/4/3","ホーム球場",3,"裏",3,0,2,4,72,4,1,"村上大芽","右","北海道ガス","植田響介","右","ENEOS",1,1,"020",2,2,1,"ストレート","真直ぐ系",141,9,1,"見送り",0,0,0,,"",,"","",0,0,0,0,3,0,2,2,2,0,"2026/04/03 11:42:18","中林健吾",0,"","","","","","",88,99,,
"2026/4/3","ホーム球場",3,"裏",3,0,2,4,73,5,1,"村上大芽","右","北海道ガス","植田響介","右","ENEOS",1,1,"020",2,2,2,"スプリット","落ちる系",132,16,0,"空振り",0,0,1,,"","空三振","","",2,0,0,0,3,0,3,0,0,0,"2026/04/03 11:42:40","中林健吾",0,"","","","","","",180,34,,
"2026/4/3","ホーム球場",4,"表",3,0,2,1,32,1,1,"林翔大","右","ENEOS","菱田万尋","左","北海道ガス",0,0,"000",0,0,0,"ストレート","真直ぐ系",142,2,1,"",0,1,1,,"ライナー","左安","","L",7,0,0,0,3,0,0,0,0,0,"2026/04/03 11:44:42","有馬諒",0,"","","","","","",216,168,53,171
"2026/4/3","ホーム球場",4,"表",3,0,2,2,33,1,1,"林翔大","右","ENEOS","寺田和史","左","北海道ガス",1,0,"100",0,0,0,"カットボール","曲がる系",137,20,0,"ボール",1,1,0,,"",,"","",2,0,0,0,3,0,1,1,0,0,"2026/04/03 11:45:21","有馬諒",0,"","","","","盗塁/盗塁失敗","",92,30,,
"2026/4/3","ホーム球場",4,"表",3,0,2,2,34,2,1,"林翔大","右","ENEOS","寺田和史","左","北海道ガス",0,0,"000",1,1,0,"ストレート","真直ぐ系",144,2,1,"見送り",0,0,0,,"",,"","",0,0,0,0,3,0,1,1,1,0,"2026/04/03 11:45:48","有馬諒",0,"","","","","","",205,124,,
"2026/4/3","ホーム球場",4,"表",3,0,2,2,35,3,1,"林翔大","右","ENEOS","寺田和史","左","北海道ガス",0,0,"000",1,1,1,"カーブ","曲がる系",113,5,1,"",0,0,1,,"ゴロ","一ゴ","","CR",3,0,0,0,3,0,2,0,0,0,"2026/04/03 11:45:59","有馬諒",0,"","","","","","",163,123,58,19
"2026/4/3","ホーム球場",4,"表",3,0,2,3,36,1,1,"林翔大","右","ENEOS","安田大将","左","北海道ガス",0,0,"000",2,0,0,"カットボール","曲がる系",138,9,1,"ファウル",0,1,0,,"フライ",,"","L",0,0,0,0,3,0,2,0,1,0,"2026/04/03 11:46:33","有馬諒",0,"","","","","","",120,110,-25,24
"2026/4/3","ホーム球場",4,"表",3,0,2,3,37,2,1,"林翔大","右","ENEOS","安田大将","左","北海道ガス",0,0,"000",2,0,1,"カットボール","曲がる系",139,24,0,"空振り",0,0,0,,"",,"","",0,0,0,0,3,0,2,0,2,0,"2026/04/03 11:46:52","有馬諒",0,"","","","","","",55,108,,
"2026/4/3","ホーム球場",4,"表",3,0,2,3,38,3,1,"林翔大","右","ENEOS","安田大将","左","北海道ガス",0,0,"000",2,0,2,"スプリット","落ちる系",137,16,0,"ボール",0,0,0,,"",,"","",0,0,0,0,3,0,2,1,2,0,"2026/04/03 11:47:08","有馬諒",0,"","","","","","",206,10,,
"2026/4/3","ホーム球場",4,"表",3,0,2,3,39,4,1,"林翔大","右","ENEOS","安田大将","左","北海道ガス",0,0,"000",2,1,2,"スライダー","曲がる系",126,8,1,"",0,0,1,,"フライ","左飛","","CL",7,0,0,0,3,0,3,0,0,0,"2026/04/03 11:47:26","有馬諒",0,"","","","","","",101,127,71,181
"2026/4/3","ホーム球場",4,"裏",3,0,2,1,1,1,2,"鈴木愛斗","右","北海道ガス","篠原涼","左","ENEOS",0,0,"000",0,0,0,"ストレート","真直ぐ系",139,2,1,"見送り",0,1,0,,"",,"","",0,0,0,0,3,0,0,0,1,0,"2026/04/03 11:49:32","中林健吾",0,"","","","","","",198,145,,
"2026/4/3","ホーム球場",4,"裏",3,0,2,1,2,2,2,"鈴木愛斗","右","北海道ガス","篠原涼","左","ENEOS",0,0,"000",0,0,1,"チェンジアップ","落ちる系",111,2,1,"見送り",0,0,0,,"",,"","",0,0,0,0,3,0,0,0,2,0,"2026/04/03 11:49:43","中林健吾",0,"","","","","","",215,128,,
"2026/4/3","ホーム球場",4,"裏",3,0,2,1,3,3,2,"鈴木愛斗","右","北海道ガス","篠原涼","左","ENEOS",0,0,"000",0,0,2,"ストレート","真直ぐ系",142,6,1,"ファウル",0,0,0,,"ライナー",,"","L",0,0,0,0,3,0,0,0,2,0,"2026/04/03 11:49:55","中林健吾",0,"","","","","","",151,85,-30,52
"2026/4/3","ホーム球場",4,"裏",3,0,2,1,4,4,2,"鈴木愛斗","右","北海道ガス","篠原涼","左","ENEOS",0,0,"000",0,0,2,"ストレート","真直ぐ系",140,3,1,"見送り",0,0,1,,"","見三振","","",2,0,0,0,3,0,1,0,0,0,"2026/04/03 11:50:13","中林健吾",0,"","","","","","",231,83,,
"2026/4/3","ホーム球場",4,"裏",3,0,3,2,5,1,2,"鈴木愛斗","右","北海道ガス","飯山志夢","左","ENEOS",0,0,"000",1,0,0,"カーブ","曲がる系",105,3,1,"ファウル",0,1,0,,"ゴロ",,"","L",0,0,0,0,3,0,1,0,1,0,"2026/04/03 11:50:41","中林健吾",0,"","","","","","",182,112,-26,15
"2026/4/3","ホーム球場",4,"裏",3,0,3,2,6,2,2,"鈴木愛斗","右","北海道ガス","飯山志夢","左","ENEOS",0,0,"000",1,0,1,"カーブ","曲がる系",103,16,0,"ボール",0,0,0,,"",,"","",0,0,0,0,3,0,1,1,1,0,"2026/04/03 11:51:00","中林健吾",0,"","","","","","",205,-2,,
"2026/4/3","ホーム球場",4,"裏",3,0,3,2,7,3,2,"鈴木愛斗","右","北海道ガス","飯山志夢","左","ENEOS",0,0,"000",1,1,1,"カーブ","曲がる系",103,6,1,"",0,0,1,,"ゴロ","二安","","C",4,0,0,0,3,0,1,0,0,0,"2026/04/03 11:51:18","中林健吾",0,"","","","","","",177,97,88,67
"2026/4/3","ホーム球場",4,"裏",3,0,3,3,8,1,2,"鈴木愛斗","右","北海道ガス","猿渡颯","左","ENEOS",1,0,"100",1,0,0,"ストレート","真直ぐ系",140,18,0,"ボール",0,1,0,,"",,"","",0,0,0,0,3,0,1,1,0,0,"2026/04/03 11:52:04","中林健吾",0,"","","","","","",136,43,,
"2026/4/3","ホーム球場",4,"裏",3,0,3,3,9,2,2,"鈴木愛斗","右","北海道ガス","猿渡颯","左","ENEOS",1,0,"100",1,1,0,"チェンジアップ","落ちる系",107,3,1,"見送り",0,0,0,,"",,"","",0,0,0,0,3,0,1,1,1,0,"2026/04/03 11:52:22","中林健吾",0,"","","","","","",188,116,,
"2026/4/3","ホーム球場",4,"裏",3,0,3,3,10,3,2,"鈴木愛斗","右","北海道ガス","猿渡颯","左","ENEOS",1,0,"100",1,1,1,"ストレート","真直ぐ系",138,17,0,"ファウル",0,0,0,,"フライ",,"","R",2,0,0,0,3,0,1,1,2,0,"2026/04/03 11:52:40","中林健吾",0,"","","","","","",132,268,22,-33
"2026/4/3","ホーム球場",4,"裏",3,0,3,3,10,3,2,"鈴木愛斗","右","北海道ガス","猿渡颯","左","ENEOS",1,0,"100",1,1,2,"","",0,0,0,"",0,0,0,,"",,"","",0,0,0,0,3,0,1,1,2,1,"2026/04/03 11:53:05","中林健吾",0,"","","","","","",,,,
"2026/4/3","ホーム球場",4,"裏",3,0,3,3,11,4,2,"鈴木愛斗","右","北海道ガス","猿渡颯","左","ENEOS",1,0,"100",1,1,2,"スプリット","落ちる系",136,14,0,"ボール",0,0,0,,"",,"","",0,0,0,0,3,0,1,2,2,0,"2026/04/03 11:53:24","中林健吾",0,"","","","","","",255,25,,
"2026/4/3","ホーム球場",4,"裏",3,0,3,3,12,5,2,"鈴木愛斗","右","北海道ガス","猿渡颯","左","ENEOS",1,0,"100",1,2,2,"チェンジアップ","落ちる系",105,10,0,"ボール",0,0,0,,"",,"","",0,0,0,0,3,0,1,3,2,0,"2026/04/03 11:53:44","中林健吾",0,"","","","","","",253,296,,
"2026/4/3","ホーム球場",4,"裏",3,0,3,3,12,5,2,"鈴木愛斗","右","北海道ガス","猿渡颯","左","ENEOS",1,0,"100",1,3,2,"","",0,0,0,"",0,0,0,,"",,"","",0,0,0,0,3,0,1,3,2,1,"2026/04/03 11:54:06","中林健吾",0,"","","","","","",,,,
"2026/4/3","ホーム球場",4,"裏",3,0,3,3,13,6,2,"鈴木愛斗","右","北海道ガス","猿渡颯","左","ENEOS",1,0,"100",1,3,2,"チェンジアップ","落ちる系",110,15,0,"",0,0,1,,"フライ","中安","","CL",8,0,0,0,3,0,1,0,0,0,"2026/04/03 11:54:31","中林健吾",0,"","","","","ランエンドヒット","",202,255,110,177
"2026/4/3","ホーム球場",4,"裏",3,0,3,4,14,1,2,"鈴木愛斗","右","北海道ガス","山田陸人","右","ENEOS",1,1,"103",1,0,0,"ストレート","真直ぐ系",140,8,1,"見送り",0,1,0,,"",,"","",0,0,0,0,3,0,1,0,1,0,"2026/04/03 11:55:24","中林健吾",0,"","","","","","",85,147,,
"2026/4/3","ホーム球場",4,"裏",3,0,3,4,15,2,2,"鈴木愛斗","右","北海道ガス","山田陸人","右","ENEOS",1,1,"103",1,0,1,"カーブ","曲がる系",0,18,0,"ファウル",0,0,0,,"フライ",,"","L",0,0,0,0,3,0,1,0,2,0,"2026/04/03 11:55:39","中林健吾",0,"","","","","","",148,59,-22,164
"2026/4/3","ホーム球場",4,"裏",3,0,3,4,16,3,2,"鈴木愛斗","右","北海道ガス","山田陸人","右","ENEOS",1,1,"103",1,0,2,"ストレート","真直ぐ系",136,19,0,"",0,0,1,,"フライ","中安","","CR",8,1,1,1,4,0,1,0,0,0,"2026/04/03 11:56:19","中林健吾",1,"鈴木愛斗","","","","","",113,256,185,126
"2026/4/3","ホーム球場",4,"裏",4,0,3,5,17,1,2,"鈴木愛斗","右","北海道ガス","村上裕一郎","右","ENEOS",1,1,"120",1,0,0,"カーブ","曲がる系",104,18,0,"ボール",0,1,0,,"",,"","",0,0,0,0,4,0,1,1,0,0,"2026/04/03 11:57:15","中林健吾",0,"","","","","","",138,31,,
"2026/4/3","ホーム球場",4,"裏",4,0,3,5,18,2,2,"鈴木愛斗","右","北海道ガス","村上裕一郎","右","ENEOS",1,1,"120",1,1,0,"ストレート","真直ぐ系",135,16,0,"ボール",0,0,0,,"",,"","",0,0,0,0,4,0,1,2,0,0,"2026/04/03 11:57:35","中林健吾",0,"","","","","","",179,25,,
"2026/4/3","ホーム球場",4,"裏",4,0,3,5,19,3,2,"鈴木愛斗","右","北海道ガス","村上裕一郎","右","ENEOS",1,1,"120",1,2,0,"ストレート","真直ぐ系",132,15,0,"ボール",0,0,0,,"",,"","",0,0,0,0,4,0,1,3,0,0,"2026/04/03 11:57:55","中林健吾",0,"","","","","","",212,288,,
"2026/4/3","ホーム球場",4,"裏",4,0,3,5,20,4,2,"鈴木愛斗","右","北海道ガス","村上裕一郎","右","ENEOS",1,1,"120",1,3,0,"ストレート","真直ぐ系",137,8,1,"見送り",0,0,0,,"",,"","",0,0,0,0,4,0,1,3,1,0,"2026/04/03 11:58:22","中林健吾",0,"","","","","","",99,154,,
"2026/4/3","ホーム球場",4,"裏",4,0,3,5,21,5,2,"鈴木愛斗","右","北海道ガス","村上裕一郎","右","ENEOS",1,1,"120",1,3,1,"カーブ","曲がる系",105,18,0,"ボール",0,0,1,,"","四球","","",0,0,0,0,4,0,1,0,0,0,"2026/04/03 11:58:39","中林健吾",0,"","","","","","",150,26,,
"2026/4/3","ホーム球場",4,"裏",4,0,3,6,1,1,3,"長谷隼兵","左","北海道ガス","丸山壮史","左","ENEOS",1,1,"123",1,0,0,"スライダー","曲がる系",128,14,0,"ボール",0,1,0,,"",,"","",0,0,0,0,4,0,1,1,0,0,"2026/04/03 12:01:23","中林健吾",0,"","","","","","",245,31,,
"2026/4/3","ホーム球場",4,"裏",4,0,3,6,2,2,3,"長谷隼兵","左","北海道ガス","丸山壮史","左","ENEOS",1,1,"123",1,1,0,"ストレート","真直ぐ系",138,5,1,"ファウル",0,0,0,,"フライ",,"","L",0,0,0,0,4,0,1,1,1,0,"2026/04/03 12:01:39","中林健吾",0,"","","","","","",170,168,-37,11
"2026/4/3","ホーム球場",4,"裏",4,0,3,6,3,3,3,"長谷隼兵","左","北海道ガス","丸山壮史","左","ENEOS",1,1,"123",1,1,1,"ストレート","真直ぐ系",139,19,0,"",0,0,1,1,"フライ","右犠飛","","CR",9,1,1,1,5,0,2,0,0,0,"2026/04/03 12:01:59","中林健吾",1,"鈴木愛斗","","","","","",90,267,186,68
"2026/4/3","ホーム球場",4,"裏",5,0,3,7,4,1,3,"長谷隼兵","左","北海道ガス","有馬諒","右","ENEOS",1,1,"103",2,0,0,"ツーシーム","真直ぐ系",131,6,1,"",0,1,1,,"ライナー","中安","","C",8,1,1,1,6,0,2,0,0,0,"2026/04/03 12:02:51","中林健吾",1,"鈴木愛斗","","","","","",127,101,133,167
"2026/4/3","ホーム球場",4,"裏",6,0,3,8,5,1,3,"長谷隼兵","左","北海道ガス","姫木陸斗","左","ENEOS",1,1,"103",2,0,0,"ストレート","真直ぐ系",137,18,0,"ボール",0,1,0,,"",,"","",0,0,0,0,6,0,2,1,0,0,"2026/04/03 12:03:41","中林健吾",0,"","","","","","",168,22,,
"2026/4/3","ホーム球場",4,"裏",6,0,3,8,6,2,3,"長谷隼兵","左","北海道ガス","姫木陸斗","左","ENEOS",1,1,"103",2,1,0,"スライダー","曲がる系",126,15,0,"ボール",0,0,0,,"",,"","",0,0,0,0,6,0,2,2,0,0,"2026/04/03 12:03:56","中林健吾",0,"","","","","","",180,286,,
"2026/4/3","ホーム球場",4,"裏",6,0,3,8,7,3,3,"長谷隼兵","左","北海道ガス","姫木陸斗","左","ENEOS",1,1,"103",2,2,0,"スライダー","曲がる系",125,13,0,"空振り",0,0,0,,"",,"","",0,0,0,0,6,0,2,2,1,0,"2026/04/03 12:04:12","中林健吾",0,"","","","","","",241,94,,
"2026/4/3","ホーム球場",4,"裏",6,0,3,8,8,4,3,"長谷隼兵","左","北海道ガス","姫木陸斗","左","ENEOS",1,1,"103",2,2,1,"スライダー","曲がる系",128,14,0,"空振り",0,0,0,,"",,"","",0,0,0,0,6,0,2,2,2,0,"2026/04/03 12:04:28","中林健吾",0,"","","","","","",274,28,,
"2026/4/3","ホーム球場",4,"裏",6,0,3,8,9,5,3,"長谷隼兵","左","北海道ガス","姫木陸斗","左","ENEOS",1,1,"103",2,2,2,"スライダー","曲がる系",130,13,0,"ファウル",0,0,0,,"フライ",,"","L",0,0,0,0,6,0,2,2,2,0,"2026/04/03 12:04:45","中林健吾",0,"","","","","","",270,73,-29,32
"2026/4/3","ホーム球場",4,"裏",6,0,3,8,10,6,3,"長谷隼兵","左","北海道ガス","姫木陸斗","左","ENEOS",1,1,"103",2,2,2,"ツーシーム","真直ぐ系",131,21,0,"",0,0,1,,"","死球","","",0,0,0,0,6,0,2,0,0,0,"2026/04/03 12:05:07","中林健吾",0,"","","","","","",-20,260,,
"2026/4/3","ホーム球場",4,"裏",6,0,3,9,11,1,3,"長谷隼兵","左","北海道ガス","植田響介","右","ENEOS",1,1,"123",2,0,0,"ストレート","真直ぐ系",139,19,0,"ボール",0,1,0,,"",,"","",0,0,0,0,6,0,2,1,0,0,"2026/04/03 12:05:51","中林健吾",0,"","","","","","",83,292,,
"2026/4/3","ホーム球場",4,"裏",6,0,3,9,12,2,3,"長谷隼兵","左","北海道ガス","植田響介","右","ENEOS",1,1,"123",2,1,0,"ストレート","真直ぐ系",139,14,0,"ボール",0,0,0,,"",,"","",0,0,0,0,6,0,2,2,0,0,"2026/04/03 12:06:09","中林健吾",0,"","","","","","",272,23,,
"2026/4/3","ホーム球場",4,"裏",6,0,3,9,13,3,3,"長谷隼兵","左","北海道ガス","植田響介","右","ENEOS",1,1,"123",2,2,0,"ツーシーム","真直ぐ系",131,6,1,"ファウル",0,0,0,,"ゴロ",,"","L",0,0,0,0,6,0,2,2,1,0,"2026/04/03 12:06:26","中林健吾",0,"","","","","","",148,74,-35,83
"2026/4/3","ホーム球場",4,"裏",6,0,3,9,14,4,3,"長谷隼兵","左","北海道ガス","植田響介","右","ENEOS",1,1,"123",2,2,1,"スライダー","曲がる系",129,14,0,"",0,0,1,,"","死球","","",0,1,1,1,7,0,2,0,0,0,"2026/04/03 12:06:51","中林健吾",1,"鈴木愛斗","","","","","",303,11,,
"2026/4/3","ホーム球場",4,"裏",7,0,3,10,15,1,3,"長谷隼兵","左","北海道ガス","篠原涼","左","ENEOS",1,1,"123",2,0,0,"ストレート","真直ぐ系",138,1,1,"見送り",0,1,0,,"",,"","",0,0,0,0,7,0,2,0,1,0,"2026/04/03 12:07:35","中林健吾",0,"","","","","","",202,232,,
"2026/4/3","ホーム球場",4,"裏",7,0,3,10,16,2,3,"長谷隼兵","左","北海道ガス","篠原涼","左","ENEOS",1,1,"123",2,0,1,"スライダー","曲がる系",129,14,0,"空振り",0,0,0,,"",,"","",0,0,0,0,7,0,2,0,2,0,"2026/04/03 12:07:53","中林健吾",0,"","","","","","",252,25,,
"2026/4/3","ホーム球場",4,"裏",7,0,3,10,17,3,3,"長谷隼兵","左","北海道ガス","篠原涼","左","ENEOS",1,1,"123",2,0,2,"スライダー","曲がる系",130,14,0,"ボール",0,0,0,,"",,"","",0,0,0,0,7,0,2,1,2,0,"2026/04/03 12:08:12","中林健吾",0,"","","","","","",271,28,,
"2026/4/3","ホーム球場",4,"裏",7,0,3,10,18,4,3,"長谷隼兵","左","北海道ガス","篠原涼","左","ENEOS",1,1,"123",2,1,2,"スライダー","曲がる系",129,14,0,"ボール",0,0,0,,"",,"","",0,0,0,0,7,0,2,2,2,0,"2026/04/03 12:08:31","中林健吾",0,"","","","","","",263,37,,
"2026/4/3","ホーム球場",4,"裏",7,0,3,10,19,5,3,"長谷隼兵","左","北海道ガス","篠原涼","左","ENEOS",1,1,"123",2,2,2,"スライダー","曲がる系",130,7,1,"空振り",0,0,1,,"","空三振","","",2,0,0,0,7,0,3,0,0,0,"2026/04/03 12:08:58","中林健吾",0,"","","","","","",103,194,,
"2026/4/3","ホーム球場",5,"表",7,0,2,1,40,1,1,"林翔大","右","ENEOS","武井伽耶飛","左","北海道ガス",0,0,"000",0,0,0,"カットボール","曲がる系",135,23,0,"ボール",0,1,0,,"",,"","",0,0,0,0,7,0,0,1,0,0,"2026/04/03 12:11:10","有馬諒",0,"","","","","","",48,140,,
"2026/4/3","ホーム球場",5,"表",7,0,2,1,41,2,1,"林翔大","右","ENEOS","武井伽耶飛","左","北海道ガス",0,0,"000",0,1,0,"カーブ","曲がる系",112,2,1,"見送り",0,0,0,,"",,"","",0,0,0,0,7,0,0,1,1,0,"2026/04/03 12:11:21","有馬諒",0,"","","","","","",210,140,,
"2026/4/3","ホーム球場",5,"表",7,0,2,1,42,3,1,"林翔大","右","ENEOS","武井伽耶飛","左","北海道ガス",0,0,"000",0,1,1,"カットボール","曲がる系",137,4,1,"",0,0,1,,"フライ","中飛","","C",8,0,0,0,7,0,1,0,0,0,"2026/04/03 12:11:32","有馬諒",0,"","","","","","",144,189,164,178
"2026/4/3","ホーム球場",5,"表",7,0,2,2,43,1,1,"林翔大","右","ENEOS","佐藤槙平","右","北海道ガス",0,0,"000",1,0,0,"ストレート","真直ぐ系",143,3,1,"見送り",0,1,0,,"",,"","",0,0,0,0,7,0,1,0,1,0,"2026/04/03 12:12:04","有馬諒",0,"","","","","","",204,106,,
"2026/4/3","ホーム球場",5,"表",7,0,2,2,44,2,1,"林翔大","右","ENEOS","佐藤槙平","右","北海道ガス",0,0,"000",1,0,1,"スライダー","曲がる系",124,8,1,"空振り",0,0,0,,"",,"","",0,0,0,0,7,0,1,0,2,0,"2026/04/03 12:12:15","有馬諒",0,"","","","","","",83,140,,
"2026/4/3","ホーム球場",5,"表",7,0,2,2,45,3,1,"林翔大","右","ENEOS","佐藤槙平","右","北海道ガス",0,0,"000",1,0,2,"ストレート","真直ぐ系",144,24,0,"ボール",0,0,0,,"",,"","",0,0,0,0,7,0,1,1,2,0,"2026/04/03 12:12:30","有馬諒",0,"","","","","","",35,112,,
"2026/4/3","ホーム球場",5,"表",7,0,2,2,46,4,1,"林翔大","右","ENEOS","佐藤槙平","右","北海道ガス",0,0,"000",1,1,2,"カットボール","曲がる系",139,25,0,"ボール",0,0,0,,"",,"","",0,0,0,0,7,0,1,2,2,0,"2026/04/03 12:12:47","有馬諒",0,"","","","","","",48,39,,
"2026/4/3","ホーム球場",5,"表",7,0,2,2,47,5,1,"林翔大","右","ENEOS","佐藤槙平","右","北海道ガス",0,0,"000",1,2,2,"スライダー","曲がる系",123,6,1,"ファウル",0,0,0,,"ライナー",,"","L",0,0,0,0,7,0,1,2,2,0,"2026/04/03 12:13:03","有馬諒",0,"","","","","","",123,118,-30,68
"2026/4/3","ホーム球場",5,"表",7,0,2,2,48,6,1,"林翔大","右","ENEOS","佐藤槙平","右","北海道ガス",0,0,"000",1,2,2,"カットボール","曲がる系",138,23,0,"ボール",0,0,0,,"",,"","",0,0,0,0,7,0,1,3,2,0,"2026/04/03 12:13:36","有馬諒",0,"","","","","","",32,125,,
"2026/4/3","ホーム球場",5,"表",7,0,2,2,49,7,1,"林翔大","右","ENEOS","佐藤槙平","右","北海道ガス",0,0,"000",1,3,2,"ストレート","真直ぐ系",144,15,0,"",0,0,1,,"ゴロ","三ゴ","","CL",5,0,0,0,7,0,2,0,0,0,"2026/04/03 12:13:53","有馬諒",0,"","","","","","",196,241,23,66
"2026/4/3","ホーム球場",5,"表",7,0,2,3,50,1,1,"林翔大","右","ENEOS","渡邊浩伸","左","北海道ガス",0,0,"000",2,0,0,"チェンジアップ","落ちる系",124,5,1,"見送り",0,1,0,,"",,"","",0,0,0,0,7,0,2,0,1,0,"2026/04/03 12:14:27","有馬諒",0,"","","","","","",160,145,,
"2026/4/3","ホーム球場",5,"表",7,0,2,3,51,2,1,"林翔大","右","ENEOS","渡邊浩伸","左","北海道ガス",0,0,"000",2,0,1,"スライダー","曲がる系",123,2,1,"見送り",0,0,0,,"",,"","",0,0,0,0,7,0,2,0,2,0,"2026/04/03 12:14:38","有馬諒",0,"","","","","","",194,135,,
"2026/4/3","ホーム球場",5,"表",7,0,2,3,52,3,1,"林翔大","右","ENEOS","渡邊浩伸","左","北海道ガス",0,0,"000",2,0,2,"カットボール","曲がる系",140,7,1,"ファウル",0,0,0,,"ゴロ",,"","R",0,0,0,0,7,0,2,0,2,0,"2026/04/03 12:14:50","有馬諒",0,"","","","","","",64,196,13,-39
"2026/4/3","ホーム球場",5,"表",7,0,2,3,53,4,1,"林翔大","右","ENEOS","渡邊浩伸","左","北海道ガス",0,0,"000",2,0,2,"ストレート","真直ぐ系",144,17,0,"",0,0,1,,"フライ","左飛","","L",7,0,0,0,7,0,3,0,0,0,"2026/04/03 12:15:15","有馬諒",0,"","","","","","",170,262,41,177
"2026/4/3","ホーム球場",5,"裏",7,0,4,1,20,1,3,"長谷隼兵","左","北海道ガス","飯山志夢","左","ENEOS",0,0,"000",0,0,0,"カーブ","曲がる系",109,4,1,"空振り",0,1,0,,"",,"","",0,0,0,0,7,0,0,0,1,0,"2026/04/03 12:17:21","中林健吾",0,"","","","","セーフティバント","",143,193,,
"2026/4/3","ホーム球場",5,"裏",7,0,4,1,21,2,3,"長谷隼兵","左","北海道ガス","飯山志夢","左","ENEOS",0,0,"000",0,0,1,"カーブ","曲がる系",113,16,0,"ボール",0,0,0,,"",,"","",0,0,0,0,7,0,0,1,1,0,"2026/04/03 12:17:38","中林健吾",0,"","","","","","",226,24,,
"2026/4/3","ホーム球場",5,"裏",7,0,4,1,22,3,3,"長谷隼兵","左","北海道ガス","飯山志夢","左","ENEOS",0,0,"000",0,1,1,"スライダー","曲がる系",127,12,0,"見送り",0,0,0,,"",,"","",0,0,0,0,7,0,0,1,2,0,"2026/04/03 12:17:53","中林健吾",0,"","","","","","",240,130,,
"2026/4/3","ホーム球場",5,"裏",7,0,4,1,23,4,3,"長谷隼兵","左","北海道ガス","飯山志夢","左","ENEOS",0,0,"000",0,1,2,"スライダー","曲がる系",129,6,1,"",0,0,1,,"ゴロ","左安","","L",7,0,0,0,7,0,0,0,0,0,"2026/04/03 12:18:06","中林健吾",0,"","","","","","",158,114,41,173
"2026/4/3","ホーム球場",5,"裏",7,0,4,2,24,1,3,"長谷隼兵","左","北海道ガス","猿渡颯","左","ENEOS",1,0,"100",0,0,0,"ストレート","真直ぐ系",135,15,0,"ボール",0,1,0,,"",,"","",0,0,0,0,7,0,0,1,0,0,"2026/04/03 12:18:47","中林健吾",0,"","","","","","",216,276,,
"2026/4/3","ホーム球場",5,"裏",7,0,4,2,25,2,3,"長谷隼兵","左","北海道ガス","猿渡颯","左","ENEOS",1,0,"100",0,1,0,"スライダー","曲がる系",124,21,0,"",0,0,1,1,"","死球","","",0,0,0,0,7,0,0,0,0,0,"2026/04/03 12:19:03","中林健吾",0,"","","","","","",-18,261,,
"2026/4/3","ホーム球場",5,"裏",7,0,4,3,26,1,3,"長谷隼兵","左","北海道ガス","山田陸人","右","ENEOS",1,1,"120",0,0,0,"ストレート","真直ぐ系",138,1,1,"",0,1,1,,"ライナー","中２","","CL",8,1,1,1,8,0,0,0,0,0,"2026/04/03 12:19:58","中林健吾",1,"長谷隼兵","","","","","",187,181,159,234
"2026/4/3","ホーム球場",5,"裏",8,0,4,4,1,1,4,"村田澪斗","左","北海道ガス","村上裕一郎","右","ENEOS",1,1,"023",0,0,0,"スライダー","曲がる系",120,6,1,"ファウル",0,1,0,,"フライ",,"","L",0,0,0,0,8,0,0,0,1,0,"2026/04/03 12:22:46","中林健吾",0,"","","","","","",164,116,-33,186
"2026/4/3","ホーム球場",5,"裏",8,0,4,4,2,2,4,"村田澪斗","左","北海道ガス","村上裕一郎","右","ENEOS",1,1,"023",0,0,1,"ストレート","真直ぐ系",134,12,0,"ボール",0,0,0,,"",,"","",0,0,0,0,8,0,0,1,1,0,"2026/04/03 12:23:16","中林健吾",0,"","","","","","",276,136,,
"2026/4/3","ホーム球場",5,"裏",8,0,4,4,3,3,4,"村田澪斗","左","北海道ガス","村上裕一郎","右","ENEOS",1,1,"023",0,1,1,"スライダー","曲がる系",119,3,1,"",0,0,1,,"フライ","左安","","L",7,1,1,1,9,0,0,0,0,0,"2026/04/03 12:23:37","中林健吾",1,"長谷隼兵","","","","","",228,105,50,168
"2026/4/3","ホーム球場",5,"裏",9,0,4,5,4,1,4,"村田澪斗","左","北海道ガス","丸山壮史","左","ENEOS",1,1,"103",0,0,0,"スライダー","曲がる系",117,2,1,"",0,1,1,,"ライナー","中犠飛","","C",8,1,1,1,10,0,1,0,0,0,"2026/04/03 12:24:29","中林健吾",1,"長谷隼兵","","","","","",197,124,166,161
"2026/4/3","ホーム球場",5,"裏",10,0,1,6,5,1,4,"村田澪斗","左","北海道ガス","神里陸","左","ENEOS",1,0,"100",1,0,0,"スプリット","落ちる系",131,16,0,"ボール",0,1,0,,"",,"","",0,0,0,0,10,0,1,1,0,0,"2026/04/03 12:25:20","中林健吾",0,"","","","","","",210,32,,
"2026/4/3","ホーム球場",5,"裏",10,0,1,6,6,2,4,"村田澪斗","左","北海道ガス","神里陸","左","ENEOS",1,0,"100",1,1,0,"スライダー","曲がる系",116,6,1,"",0,0,1,,"ゴロ","三ゴ","","CL",5,0,0,0,10,0,2,0,0,0,"2026/04/03 12:25:33","中林健吾",0,"","","","","","",170,120,20,43
"2026/4/3","ホーム球場",5,"裏",10,0,4,7,7,1,4,"村田澪斗","左","北海道ガス","姫木陸斗","左","ENEOS",1,1,"020",2,0,0,"ストレート","真直ぐ系",133,23,0,"ボール",0,1,0,,"",,"","",0,0,0,0,10,0,2,1,0,0,"2026/04/03 12:26:23","中林健吾",0,"","","","","","",26,171,,
"2026/4/3","ホーム球場",5,"裏",10,0,4,7,8,2,4,"村田澪斗","左","北海道ガス","姫木陸斗","左","ENEOS",1,1,"020",2,1,0,"スライダー","曲がる系",121,5,1,"ファウル",0,0,0,,"ライナー",,"","L",0,0,0,0,10,0,2,1,1,0,"2026/04/03 12:26:39","中林健吾",0,"","","","","","",164,137,-22,59
"2026/4/3","ホーム球場",5,"裏",10,0,4,7,9,3,4,"村田澪斗","左","北海道ガス","姫木陸斗","左","ENEOS",1,1,"020",2,1,1,"ストレート","真直ぐ系",134,10,0,"ボール",0,0,0,,"",,"","",0,0,0,0,10,0,2,2,1,0,"2026/04/03 12:27:06","中林健吾",0,"","","","","","",251,262,,
"2026/4/3","ホーム球場",5,"裏",10,0,4,7,10,4,4,"村田澪斗","左","北海道ガス","姫木陸斗","左","ENEOS",1,1,"020",2,2,1,"ストレート","真直ぐ系",133,6,1,"ファウル",0,0,0,,"ゴロ",,"","R",0,0,0,0,10,0,2,2,2,0,"2026/04/03 12:27:26","中林健吾",0,"","","","","","",157,118,65,-13
"2026/4/3","ホーム球場",5,"裏",10,0,4,7,11,5,4,"村田澪斗","左","北海道ガス","姫木陸斗","左","ENEOS",1,1,"020",2,2,2,"スライダー","曲がる系",121,14,0,"ボール",0,0,0,,"",,"","",0,0,0,0,10,0,2,3,2,0,"2026/04/03 12:27:58","中林健吾",0,"","","","","","",293,47,,
"2026/4/3","ホーム球場",5,"裏",10,0,4,7,12,6,4,"村田澪斗","左","北海道ガス","姫木陸斗","左","ENEOS",1,1,"020",2,3,2,"スライダー","曲がる系",121,23,0,"ボール",0,0,1,,"","四球","","",0,0,0,0,10,0,2,0,0,0,"2026/04/03 12:28:20","中林健吾",0,"","","","","","",29,148,,
"2026/4/3","ホーム球場",5,"裏",10,0,4,8,13,1,4,"村田澪斗","左","北海道ガス","植田響介","右","ENEOS",1,1,"120",2,0,0,"スライダー","曲がる系",119,12,0,"ボール",0,1,0,1,"",,"","",0,0,0,0,10,0,2,1,0,0,"2026/04/03 12:29:00","中林健吾",0,"","","","","","",282,125,,
"2026/4/3","ホーム球場",5,"裏",10,0,4,8,14,2,4,"村田澪斗","左","北海道ガス","植田響介","右","ENEOS",1,1,"120",2,1,0,"ストレート","真直ぐ系",130,2,1,"ファウル",0,0,0,,"ゴロ",,"","L",0,0,0,0,10,0,2,1,1,0,"2026/04/03 12:29:21","中林健吾",0,"","","","","","",222,150,-36,75
"2026/4/3","ホーム球場",5,"裏",10,0,4,8,15,3,4,"村田澪斗","左","北海道ガス","植田響介","右","ENEOS",1,1,"120",2,1,1,"スライダー","曲がる系",121,3,1,"ファウル",0,0,0,1,"フライ",,"","L",0,0,0,0,10,0,2,1,2,0,"2026/04/03 12:29:51","中林健吾",0,"","","","","","",180,105,-24,183
"2026/4/3","ホーム球場",5,"裏",10,0,4,8,16,4,4,"村田澪斗","左","北海道ガス","植田響介","右","ENEOS",1,1,"120",2,1,2,"チェンジアップ","落ちる系",119,9,1,"ファウル",0,0,0,,"ライナー",,"","R",0,0,0,0,10,0,2,1,2,0,"2026/04/03 12:30:31","中林健吾",0,"","","","","","",75,105,16,-32
"2026/4/3","ホーム球場",5,"裏",10,0,4,8,17,5,4,"村田澪斗","左","北海道ガス","植田響介","右","ENEOS",1,1,"120",2,1,2,"ストレート","真直ぐ系",136,21,0,"ボール",0,0,0,1,"",,"","",0,0,0,0,10,0,2,2,2,0,"2026/04/03 12:30:57","中林健吾",0,"","","","","","",30,257,,
"2026/4/3","ホーム球場",5,"裏",10,0,4,8,18,6,4,"村田澪斗","左","北海道ガス","植田響介","右","ENEOS",1,1,"120",2,2,2,"スライダー","曲がる系",120,8,1,"",0,0,1,,"ゴロ","左安","","L",7,1,1,1,11,0,2,0,0,0,"2026/04/03 12:31:21","中林健吾",1,"村田澪斗","","","","","",114,128,14,146
"2026/4/3","ホーム球場",5,"裏",11,0,4,9,19,1,4,"村田澪斗","左","北海道ガス","篠原涼","左","ENEOS",1,1,"103",2,0,0,"スライダー","曲がる系",118,2,1,"",0,1,1,,"ゴロ","一ゴ","","R",3,0,0,0,11,0,3,0,0,0,"2026/04/03 12:32:14","中林健吾",0,"","","","","","",207,148,59,12
"2026/4/3","ホーム球場",6,"表",11,0,1,1,1,1,2,"渡部淳一","左","ENEOS","東海林寛大","右","北海道ガス",0,0,"000",0,0,0,"スライダー","曲がる系",118,13,0,"ボール",0,1,0,,"",,"","",0,0,0,0,11,0,0,1,0,0,"2026/04/03 12:38:11","神里陸",0,"","","","","","",281,114,,
"2026/4/3","ホーム球場",6,"表",11,0,1,1,2,2,2,"渡部淳一","左","ENEOS","東海林寛大","右","北海道ガス",0,0,"000",0,1,0,"ストレート","真直ぐ系",135,8,1,"ファウル",0,0,0,,"ゴロ",,"","L",2,0,0,0,11,0,0,1,1,0,"2026/04/03 12:38:21","神里陸",0,"","","","","","",99,130,-41,-34
"2026/4/3","ホーム球場",6,"表",11,0,1,1,3,3,2,"渡部淳一","左","ENEOS","東海林寛大","右","北海道ガス",0,0,"000",0,1,1,"チェンジアップ","落ちる系",122,6,1,"",0,0,1,,"フライ","左２","","L",7,0,0,0,11,0,0,0,0,0,"2026/04/03 12:38:38","神里陸",0,"","","","","","",123,108,15,199
"2026/4/3","ホーム球場",6,"表",11,0,3,2,4,1,2,"渡部淳一","左","ENEOS","高橋謙太","左","北海道ガス",1,1,"020",0,0,0,"カットボール","曲がる系",125,12,0,"ボール",0,1,0,,"",,"","",0,0,0,0,11,0,0,1,0,0,"2026/04/03 12:39:33","神里陸",0,"","","","","","",281,133,,
"2026/4/3","ホーム球場",6,"表",11,0,3,2,5,2,2,"渡部淳一","左","ENEOS","高橋謙太","左","北海道ガス",1,1,"020",0,1,0,"カットボール","曲がる系",126,2,1,"見送り",0,0,0,,"",,"","",0,0,0,0,11,0,0,1,1,0,"2026/04/03 12:39:51","神里陸",0,"","","","","","",217,147,,
"2026/4/3","ホーム球場",6,"表",11,0,3,2,6,3,2,"渡部淳一","左","ENEOS","高橋謙太","左","北海道ガス",1,1,"020",0,1,1,"スライダー","曲がる系",117,8,1,"",0,0,1,1,"フライ","遊飛","","CL",6,0,0,0,11,0,1,0,0,0,"2026/04/03 12:40:10","神里陸",0,"","","","","","",80,138,49,102
"2026/4/3","ホーム球場",6,"表",11,0,3,3,7,1,2,"渡部淳一","左","ENEOS","長谷川寛","左","北海道ガス",1,1,"020",1,0,0,"ストレート","真直ぐ系",134,14,0,"ボール",0,1,0,,"",,"","",0,0,0,0,11,0,1,1,0,0,"2026/04/03 12:40:49","神里陸",0,"","","","","打ち→バント構え","",246,32,,
"2026/4/3","ホーム球場",6,"表",11,0,3,3,8,2,2,"渡部淳一","左","ENEOS","長谷川寛","左","北海道ガス",1,1,"020",1,1,0,"ストレート","真直ぐ系",133,3,1,"見送り",0,0,0,,"",,"","",0,0,0,0,11,0,1,1,1,0,"2026/04/03 12:41:13","神里陸",0,"","","","","セーフティバント/打ち→バント構え","",188,82,,
"2026/4/3","ホーム球場",6,"表",11,0,3,3,9,3,2,"渡部淳一","左","ENEOS","長谷川寛","左","北海道ガス",1,1,"020",1,1,1,"スライダー","曲がる系",117,2,1,"見送り",0,0,0,,"",,"","",0,0,0,0,11,0,1,1,2,0,"2026/04/03 12:41:33","神里陸",0,"","","","","","",179,133,,
"2026/4/3","ホーム球場",6,"表",11,0,3,3,10,4,2,"渡部淳一","左","ENEOS","長谷川寛","左","北海道ガス",1,1,"020",1,1,2,"特殊球","落ちる系",131,17,0,"ボール",0,0,0,,"",,"","",0,0,0,0,11,0,1,2,2,0,"2026/04/03 12:41:53","神里陸",0,"","","","","","",125,273,,
"2026/4/3","ホーム球場",6,"表",11,0,3,3,11,5,2,"渡部淳一","左","ENEOS","長谷川寛","左","北海道ガス",1,1,"020",1,2,2,"スライダー","曲がる系",121,2,1,"ファウル",0,0,0,,"フライ",,"","L",0,0,0,0,11,0,1,2,2,0,"2026/04/03 12:42:14","神里陸",0,"","","","","","",205,122,-27,16
"2026/4/3","ホーム球場",6,"表",11,0,3,3,12,6,2,"渡部淳一","左","ENEOS","長谷川寛","左","北海道ガス",1,1,"020",1,2,2,"カットボール","曲がる系",125,14,0,"ボール",0,0,0,,"",,"","",0,0,0,0,11,0,1,3,2,0,"2026/04/03 12:42:44","神里陸",0,"","","","","","",285,27,,
"2026/4/3","ホーム球場",6,"表",11,0,3,3,13,7,2,"渡部淳一","左","ENEOS","長谷川寛","左","北海道ガス",1,1,"020",1,3,2,"ストレート","真直ぐ系",133,2,1,"ファウル",0,0,0,,"フライ",,"","L",0,0,0,0,11,0,1,3,2,0,"2026/04/03 12:43:07","神里陸",0,"","","","","","",224,131,-32,16
"2026/4/3","ホーム球場",6,"表",11,0,3,3,14,8,2,"渡部淳一","左","ENEOS","長谷川寛","左","北海道ガス",1,1,"020",1,3,2,"ストレート","真直ぐ系",132,2,1,"見送り",0,0,1,,"","見三振","","",2,0,0,0,11,0,2,0,0,0,"2026/04/03 12:43:35","神里陸",0,"","","","","","",229,123,,
"2026/4/3","ホーム球場",6,"表",11,0,3,4,15,1,2,"渡部淳一","左","ENEOS","菱田万尋","左","北海道ガス",1,1,"020",2,0,0,"ストレート","真直ぐ系",133,2,1,"見送り",0,1,0,,"",,"","",0,0,0,0,11,0,2,0,1,0,"2026/04/03 12:44:08","神里陸",0,"","","","","","",226,145,,
"2026/4/3","ホーム球場",6,"表",11,0,3,4,16,2,2,"渡部淳一","左","ENEOS","菱田万尋","左","北海道ガス",1,1,"020",2,0,1,"スライダー","曲がる系",122,2,1,"",0,0,1,,"ゴロ","投ゴ","","C",1,0,0,0,11,0,3,0,0,0,"2026/04/03 12:44:28","神里陸",0,"","","","","","",218,133,36,30
"2026/4/3","ホーム球場",6,"裏",11,0,1,1,20,1,4,"村田澪斗","左","北海道ガス","阿部謙心","右","ENEOS",0,0,"000",0,0,0,"カーブ","曲がる系",101,15,0,"ボール",0,1,0,,"",,"","",0,0,0,0,11,0,0,1,0,0,"2026/04/03 12:46:42","東海林寛大",0,"","","","","","",224,259,,
"2026/4/3","ホーム球場",6,"裏",11,0,1,1,21,2,4,"村田澪斗","左","北海道ガス","阿部謙心","右","ENEOS",0,0,"000",0,1,0,"ストレート","真直ぐ系",131,5,1,"見送り",0,0,0,,"",,"","",0,0,0,0,11,0,0,1,1,0,"2026/04/03 12:46:53","東海林寛大",0,"","","","","","",143,170,,
"2026/4/3","ホーム球場",6,"裏",11,0,1,1,22,3,4,"村田澪斗","左","北海道ガス","阿部謙心","右","ENEOS",0,0,"000",0,1,1,"ストレート","真直ぐ系",132,9,1,"ファウル",0,0,0,,"フライ",,"B","R",0,0,0,0,11,0,0,1,2,0,"2026/04/03 12:47:05","東海林寛大",0,"","","","","","",102,100,88,-31
"2026/4/3","ホーム球場",6,"裏",11,0,1,1,23,4,4,"村田澪斗","左","北海道ガス","阿部謙心","右","ENEOS",0,0,"000",0,1,2,"スライダー","曲がる系",126,3,1,"ファウル",0,0,0,,"フライ",,"B","R",0,0,0,0,11,0,0,1,2,0,"2026/04/03 12:47:20","東海林寛大",0,"","","","","","",210,95,46,-27
"2026/4/3","ホーム球場",6,"裏",11,0,1,1,24,5,4,"村田澪斗","左","北海道ガス","阿部謙心","右","ENEOS",0,0,"000",0,1,2,"チェンジアップ","落ちる系",118,8,1,"ファウル",0,0,0,,"ライナー",,"B","R",2,0,0,0,11,0,0,1,2,0,"2026/04/03 12:47:37","東海林寛大",0,"","","","","","",73,130,3,-38
"2026/4/3","ホーム球場",6,"裏",11,0,1,1,25,6,4,"村田澪斗","左","北海道ガス","阿部謙心","右","ENEOS",0,0,"000",0,1,2,"ストレート","真直ぐ系",133,12,0,"ボール",0,0,0,,"",,"","",0,0,0,0,11,0,0,2,2,0,"2026/04/03 12:47:54","東海林寛大",0,"","","","","","",249,158,,
"2026/4/3","ホーム球場",6,"裏",11,0,1,1,26,7,4,"村田澪斗","左","北海道ガス","阿部謙心","右","ENEOS",0,0,"000",0,2,2,"スライダー","曲がる系",120,6,1,"空振り",0,0,1,,"","空三振","","",2,0,0,0,11,0,1,0,0,0,"2026/04/03 12:48:09","東海林寛大",0,"","","","","","",177,73,,
"2026/4/3","ホーム球場",6,"裏",11,0,5,2,27,1,4,"村田澪斗","左","北海道ガス","猿渡颯","左","ENEOS",0,0,"000",1,0,0,"カーブ","曲がる系",103,16,0,"空振り",0,1,0,,"",,"","",0,0,0,0,11,0,1,0,1,0,"2026/04/03 12:48:34","東海林寛大",0,"","","","","","",224,46,,
"2026/4/3","ホーム球場",6,"裏",11,0,5,2,28,2,4,"村田澪斗","左","北海道ガス","猿渡颯","左","ENEOS",0,0,"000",1,0,1,"ストレート","真直ぐ系",134,7,1,"ファウル",0,0,0,,"フライ",,"B","L",0,0,0,0,11,0,1,0,2,0,"2026/04/03 12:48:47","東海林寛大",0,"","","","","","",97,185,-25,65
"2026/4/3","ホーム球場",6,"裏",11,0,5,2,29,3,4,"村田澪斗","左","北海道ガス","猿渡颯","左","ENEOS",0,0,"000",1,0,2,"スライダー","曲がる系",124,8,1,"ファウル",0,0,0,,"ゴロ",,"B","L",0,0,0,0,11,0,1,0,2,0,"2026/04/03 12:49:07","東海林寛大",0,"","","","","","",72,148,-25,67
"2026/4/3","ホーム球場",6,"裏",11,0,5,2,30,4,4,"村田澪斗","左","北海道ガス","猿渡颯","左","ENEOS",0,0,"000",1,0,2,"スライダー","曲がる系",122,13,0,"ボール",0,0,0,,"",,"","",0,0,0,0,11,0,1,1,2,0,"2026/04/03 12:49:29","東海林寛大",0,"","","","","","",275,102,,
"2026/4/3","ホーム球場",6,"裏",11,0,5,2,31,5,4,"村田澪斗","左","北海道ガス","猿渡颯","左","ENEOS",0,0,"000",1,1,2,"ストレート","真直ぐ系",134,6,1,"ファウル",0,0,0,,"ライナー",,"B","L",0,0,0,0,11,0,1,1,2,0,"2026/04/03 12:49:42","東海林寛大",0,"","","","","","",130,77,-29,74
"2026/4/3","ホーム球場",6,"裏",11,0,5,2,32,6,4,"村田澪斗","左","北海道ガス","猿渡颯","左","ENEOS",0,0,"000",1,1,2,"スライダー","曲がる系",122,12,0,"ボール",0,0,0,,"",,"","",0,0,0,0,11,0,1,2,2,0,"2026/04/03 12:50:09","東海林寛大",0,"","","","","","",261,128,,
"2026/4/3","ホーム球場",6,"裏",11,0,5,2,33,7,4,"村田澪斗","左","北海道ガス","猿渡颯","左","ENEOS",0,0,"000",1,2,2,"ストレート","真直ぐ系",134,7,1,"ファウル",0,0,0,,"ライナー",,"B","R",0,0,0,0,11,0,1,2,2,0,"2026/04/03 12:50:25","東海林寛大",0,"","","","","","",101,211,-19,-34
"2026/4/3","ホーム球場",6,"裏",11,0,5,2,34,8,4,"村田澪斗","左","北海道ガス","猿渡颯","左","ENEOS",0,0,"000",1,2,2,"ストレート","真直ぐ系",134,12,0,"ボール",0,0,0,,"",,"","",0,0,0,0,11,0,1,3,2,0,"2026/04/03 12:50:44","東海林寛大",0,"","","","","","",259,137,,
"2026/4/3","ホーム球場",6,"裏",11,0,5,2,35,9,4,"村田澪斗","左","北海道ガス","猿渡颯","左","ENEOS",0,0,"000",1,3,2,"ストレート","真直ぐ系",132,6,1,"ファウル",0,0,0,,"フライ",,"B","L",0,0,0,0,11,0,1,3,2,0,"2026/04/03 12:51:03","東海林寛大",0,"","","","","","",158,68,-24,188
"2026/4/3","ホーム球場",6,"裏",11,0,5,2,36,10,4,"村田澪斗","左","北海道ガス","猿渡颯","左","ENEOS",0,0,"000",1,3,2,"スライダー","曲がる系",122,8,1,"ファウル",0,0,0,,"フライ",,"B","L",0,0,0,0,11,0,1,3,2,0,"2026/04/03 12:51:26","東海林寛大",0,"","","","","","",98,167,-32,12
"2026/4/3","ホーム球場",6,"裏",11,0,5,2,37,11,4,"村田澪斗","左","北海道ガス","猿渡颯","左","ENEOS",0,0,"000",1,3,2,"ストレート","真直ぐ系",133,3,1,"見送り",0,0,1,,"","見三振","","",2,0,0,0,11,0,2,0,0,0,"2026/04/03 12:51:44","東海林寛大",0,"","","","","","",228,89,,
"2026/4/3","ホーム球場",6,"裏",11,0,1,3,38,1,4,"村田澪斗","左","北海道ガス","山田悠平","右","ENEOS",0,0,"000",2,0,0,"ストレート","真直ぐ系",134,6,1,"ファウル",0,1,0,,"フライ",,"B","R",0,0,0,0,11,0,2,0,1,0,"2026/04/03 12:52:08","東海林寛大",0,"","","","","","",132,99,218,-18
"2026/4/3","ホーム球場",6,"裏",11,0,1,3,39,2,4,"村田澪斗","左","北海道ガス","山田悠平","右","ENEOS",0,0,"000",2,0,1,"ストレート","真直ぐ系",135,2,1,"見送り",0,0,0,,"",,"","",0,0,0,0,11,0,2,0,2,0,"2026/04/03 12:52:25","東海林寛大",0,"","","","","","",231,144,,
"2026/4/3","ホーム球場",6,"裏",11,0,1,3,40,3,4,"村田澪斗","左","北海道ガス","山田悠平","右","ENEOS",0,0,"000",2,0,2,"ストレート","真直ぐ系",95,21,0,"ボール",0,0,0,,"",,"","",0,0,0,0,11,0,2,1,2,0,"2026/04/03 12:52:41","東海林寛大",0,"","","","","","",19,259,,
"2026/4/3","ホーム球場",6,"裏",11,0,1,3,41,4,4,"村田澪斗","左","北海道ガス","山田悠平","右","ENEOS",0,0,"000",2,1,2,"ストレート","真直ぐ系",133,2,1,"ファウル",0,0,0,,"ゴロ",,"B","L",0,0,0,0,11,0,2,1,2,0,"2026/04/03 12:53:02","東海林寛大",0,"","","","","","",224,149,-19,43
"2026/4/3","ホーム球場",6,"裏",11,0,1,3,42,5,4,"村田澪斗","左","北海道ガス","山田悠平","右","ENEOS",0,0,"000",2,1,2,"スライダー","曲がる系",119,16,0,"ボール",0,0,0,,"",,"","",0,0,0,0,11,0,2,2,2,0,"2026/04/03 12:53:21","東海林寛大",0,"","","","","","",185,3,,
"2026/4/3","ホーム球場",6,"裏",11,0,1,3,43,6,4,"村田澪斗","左","北海道ガス","山田悠平","右","ENEOS",0,0,"000",2,2,2,"スライダー","曲がる系",122,6,1,"ファウル",0,0,0,,"ゴロ",,"B","L",0,0,0,0,11,0,2,2,2,0,"2026/04/03 12:53:37","東海林寛大",0,"","","","","","",176,108,-27,43
"2026/4/3","ホーム球場",6,"裏",11,0,1,3,44,7,4,"村田澪斗","左","北海道ガス","山田悠平","右","ENEOS",0,0,"000",2,2,2,"スライダー","曲がる系",122,13,0,"",0,0,1,,"","死球","","",0,0,0,0,11,0,2,0,0,0,"2026/04/03 12:54:00","東海林寛大",0,"","","","","","",314,84,,
"2026/4/3","ホーム球場",6,"裏",11,0,5,4,45,1,4,"村田澪斗","左","北海道ガス","村上裕一郎","右","ENEOS",1,0,"100",2,0,0,"ストレート","真直ぐ系",131,6,1,"見送り",0,1,0,,"",,"","",0,0,0,0,11,0,2,0,1,0,"2026/04/03 12:54:38","東海林寛大",0,"","","","","","",178,84,,
"2026/4/3","ホーム球場",6,"裏",11,0,5,4,46,2,4,"村田澪斗","左","北海道ガス","村上裕一郎","右","ENEOS",1,0,"100",2,0,1,"スライダー","曲がる系",121,2,1,"ファウル",0,0,0,,"フライ",,"B","L",0,0,0,0,11,0,2,0,2,0,"2026/04/03 12:54:56","東海林寛大",0,"","","","","","",212,131,-21,203
"2026/4/3","ホーム球場",6,"裏",11,0,5,4,47,3,4,"村田澪斗","左","北海道ガス","村上裕一郎","右","ENEOS",1,0,"100",2,0,2,"ストレート","真直ぐ系",131,8,1,"見送り",0,0,1,,"","見三振","","",2,0,0,0,11,0,3,0,0,0,"2026/04/03 12:55:28","東海林寛大",0,"","","","","","",72,154,,
"2026/4/3","ホーム球場",7,"表",11,0,3,1,17,1,2,"渡部淳一","左","ENEOS","寺田和史","左","北海道ガス",0,0,"000",0,0,0,"スプリット","落ちる系",128,5,1,"見送り",0,1,0,,"",,"","",0,0,0,0,11,0,0,0,1,0,"2026/04/03 12:57:17","神里陸",0,"","","","","","",154,123,,
"2026/4/3","ホーム球場",7,"表",11,0,3,1,18,2,2,"渡部淳一","左","ENEOS","寺田和史","左","北海道ガス",0,0,"000",0,0,1,"チェンジアップ","落ちる系",119,12,0,"ボール",0,0,0,,"",,"","",0,0,0,0,11,0,0,1,1,0,"2026/04/03 12:57:26","神里陸",0,"","","","","","",253,126,,
"2026/4/3","ホーム球場",7,"表",11,0,3,1,19,3,2,"渡部淳一","左","ENEOS","寺田和史","左","北海道ガス",0,0,"000",0,1,1,"スライダー","曲がる系",117,11,0,"ボール",0,0,0,,"",,"","",0,0,0,0,11,0,0,2,1,0,"2026/04/03 12:57:36","神里陸",0,"","","","","","",256,237,,
"2026/4/3","ホーム球場",7,"表",11,0,3,1,20,4,2,"渡部淳一","左","ENEOS","寺田和史","左","北海道ガス",0,0,"000",0,2,1,"チェンジアップ","落ちる系",120,6,1,"",0,0,1,,"フライ","右２","A","CR",9,0,0,0,11,0,0,0,0,0,"2026/04/03 12:57:47","神里陸",0,"","","","","","",151,101,268,92
"2026/4/3","ホーム球場",7,"表",11,0,1,2,21,1,2,"渡部淳一","左","ENEOS","竹中裕貴","右","北海道ガス",1,1,"020",0,0,0,"スライダー","曲がる系",114,8,1,"見送り",0,1,0,,"",,"","",0,0,0,0,11,0,0,0,1,0,"2026/04/03 12:58:38","神里陸",0,"","","","","","",76,126,,
"2026/4/3","ホーム球場",7,"表",11,0,1,2,22,2,2,"渡部淳一","左","ENEOS","竹中裕貴","右","北海道ガス",1,1,"020",0,0,1,"ストレート","真直ぐ系",134,23,0,"ボール",0,0,0,,"",,"","",0,0,0,0,11,0,0,1,1,0,"2026/04/03 12:58:56","神里陸",0,"","","","","","",35,151,,
"2026/4/3","ホーム球場",7,"表",11,0,1,2,23,3,2,"渡部淳一","左","ENEOS","竹中裕貴","右","北海道ガス",1,1,"020",0,1,1,"ストレート","真直ぐ系",131,2,1,"見送り",0,0,0,,"",,"","",0,0,0,0,11,0,0,1,2,0,"2026/04/03 12:59:14","神里陸",0,"","","","","","",221,153,,
"2026/4/3","ホーム球場",7,"表",11,0,1,2,24,4,2,"渡部淳一","左","ENEOS","竹中裕貴","右","北海道ガス",1,1,"020",0,1,2,"チェンジアップ","落ちる系",122,24,0,"ボール",0,0,0,,"",,"","",0,0,0,0,11,0,0,2,2,0,"2026/04/03 12:59:34","神里陸",0,"","","","","","",26,120,,
"2026/4/3","ホーム球場",7,"表",11,0,1,2,25,5,2,"渡部淳一","左","ENEOS","竹中裕貴","右","北海道ガス",1,1,"020",0,2,2,"カットボール","曲がる系",124,16,0,"ファウル",0,0,0,,"フライ",,"B","L",0,0,0,0,11,0,0,2,2,0,"2026/04/03 12:59:54","神里陸",0,"","","","","","",201,52,-27,198
"2026/4/3","ホーム球場",7,"表",11,0,1,2,26,6,2,"渡部淳一","左","ENEOS","竹中裕貴","右","北海道ガス",1,1,"020",0,2,2,"ストレート","真直ぐ系",134,8,1,"",0,0,1,,"ゴロ","一ゴ","B","R",3,0,0,0,11,0,1,0,0,0,"2026/04/03 13:01:54","神里陸",0,"","","","","","",91,126,121,26
"2026/4/3","ホーム球場",7,"表",11,0,3,3,27,1,2,"渡部淳一","左","ENEOS","武井伽耶飛","左","北海道ガス",1,1,"003",1,0,0,"スライダー","曲がる系",122,3,1,"見送り",0,1,0,,"",,"","",0,0,0,0,11,0,1,0,1,0,"2026/04/03 13:02:40","神里陸",0,"","","","","","",217,79,,
"2026/4/3","ホーム球場",7,"表",11,0,3,3,28,2,2,"渡部淳一","左","ENEOS","武井伽耶飛","左","北海道ガス",1,1,"003",1,0,1,"ツーシーム","真直ぐ系",127,16,0,"ファウル",0,0,0,,"ゴロ",,"B","R",0,0,0,0,11,0,1,0,2,0,"2026/04/03 13:02:56","神里陸",0,"","","","","","",229,31,73,-22
"2026/4/3","ホーム球場",7,"表",11,0,3,3,29,3,2,"渡部淳一","左","ENEOS","武井伽耶飛","左","北海道ガス",1,1,"003",1,0,2,"特殊球","落ちる系",129,2,1,"ファウル",0,0,0,,"ゴロ",,"B","R",0,0,0,0,11,0,1,0,2,0,"2026/04/03 13:03:19","神里陸",0,"","","","","","",209,153,50,-29
"2026/4/3","ホーム球場",7,"表",11,0,3,3,30,4,2,"渡部淳一","左","ENEOS","武井伽耶飛","左","北海道ガス",1,1,"003",1,0,2,"スライダー","曲がる系",121,14,0,"ボール",0,0,0,,"",,"","",0,0,0,0,11,0,1,1,2,0,"2026/04/03 13:03:44","神里陸",0,"","","","","","",275,37,,
"2026/4/3","ホーム球場",7,"表",11,0,3,3,31,5,2,"渡部淳一","左","ENEOS","武井伽耶飛","左","北海道ガス",1,1,"003",1,1,2,"カットボール","曲がる系",124,18,0,"空振り",0,0,1,,"","空三振","","",2,0,0,0,11,0,2,0,0,0,"2026/04/03 13:04:05","神里陸",0,"","","","","","",164,45,,
"2026/4/3","ホーム球場",7,"表",11,0,3,4,32,1,2,"渡部淳一","左","ENEOS","佐藤槙平","右","北海道ガス",1,1,"003",2,0,0,"チェンジアップ","落ちる系",124,3,1,"見送り",0,1,0,,"",,"","",0,0,0,0,11,0,2,0,1,0,"2026/04/03 13:04:39","神里陸",0,"","","","","","",191,78,,
"2026/4/3","ホーム球場",7,"表",11,0,3,4,33,2,2,"渡部淳一","左","ENEOS","佐藤槙平","右","北海道ガス",1,1,"003",2,0,1,"特殊球","落ちる系",127,17,0,"ボール",0,0,0,,"",,"","",0,0,0,0,11,0,2,1,1,0,"2026/04/03 13:04:53","神里陸",0,"","","","","","",156,259,,
"2026/4/3","ホーム球場",7,"表",11,0,3,4,34,3,2,"渡部淳一","左","ENEOS","佐藤槙平","右","北海道ガス",1,1,"003",2,1,1,"チェンジアップ","落ちる系",123,25,0,"ボール",0,0,0,,"",,"","",0,0,0,0,11,0,2,2,1,0,"2026/04/03 13:05:08","神里陸",0,"","","","","","",55,36,,
"2026/4/3","ホーム球場",7,"表",11,0,3,4,35,4,2,"渡部淳一","左","ENEOS","佐藤槙平","右","北海道ガス",1,1,"003",2,2,1,"ストレート","真直ぐ系",134,9,1,"空振り",0,0,0,,"",,"","",0,0,0,0,11,0,2,2,2,0,"2026/04/03 13:05:26","神里陸",0,"","","","","","",109,118,,
"2026/4/3","ホーム球場",7,"表",11,0,3,4,36,5,2,"渡部淳一","左","ENEOS","佐藤槙平","右","北海道ガス",1,1,"003",2,2,2,"ツーシーム","真直ぐ系",127,9,1,"",0,0,1,,"ゴロ","三ゴ","C","L",5,0,0,0,11,0,3,0,0,0,"2026/04/03 13:05:51","神里陸",0,"","","","","","",84,98,19,59
"2026/4/3","ホーム球場",7,"裏",11,0,5,1,1,1,5,"北嶋洸太","右","北海道ガス","丸山壮史","左","ENEOS",0,0,"000",0,0,0,"ストレート","真直ぐ系",138,16,0,"ボール",0,1,0,,"",,"","",0,0,0,0,11,0,0,1,0,0,"2026/04/03 13:07:59","東海林寛大",0,"","","","","","",203,44,,
"2026/4/3","ホーム球場",7,"裏",11,0,5,1,2,2,5,"北嶋洸太","右","北海道ガス","丸山壮史","左","ENEOS",0,0,"000",0,1,0,"カーブ","曲がる系",106,23,0,"ボール",0,0,0,,"",,"","",0,0,0,0,11,0,0,2,0,0,"2026/04/03 13:08:10","東海林寛大",0,"","","","","","",40,133,,
"2026/4/3","ホーム球場",7,"裏",11,0,5,1,3,3,5,"北嶋洸太","右","北海道ガス","丸山壮史","左","ENEOS",0,0,"000",0,2,0,"ストレート","真直ぐ系",138,6,1,"見送り",0,0,0,,"",,"","",0,0,0,0,11,0,0,2,1,0,"2026/04/03 13:08:24","東海林寛大",0,"","","","","","",168,71,,
"2026/4/3","ホーム球場",7,"裏",11,0,5,1,4,4,5,"北嶋洸太","右","北海道ガス","丸山壮史","左","ENEOS",0,0,"000",0,2,1,"カーブ","曲がる系",105,6,1,"ファウル",0,0,0,,"ゴロ",,"B","R",0,0,0,0,11,0,0,2,2,0,"2026/04/03 13:08:37","東海林寛大",0,"","","","","","",146,69,187,-21
"2026/4/3","ホーム球場",7,"裏",11,0,5,1,5,5,5,"北嶋洸太","右","北海道ガス","丸山壮史","左","ENEOS",0,0,"000",0,2,2,"ストレート","真直ぐ系",142,20,0,"ボール",0,0,0,,"",,"","",0,0,0,0,11,0,0,3,2,0,"2026/04/03 13:09:07","東海林寛大",0,"","","","","","",70,31,,
"2026/4/3","ホーム球場",7,"裏",11,0,5,1,6,6,5,"北嶋洸太","右","北海道ガス","丸山壮史","左","ENEOS",0,0,"000",0,3,2,"ストレート","真直ぐ系",142,3,1,"",0,0,1,,"ゴロ","遊ゴ","C","CL",6,0,0,0,11,0,1,0,0,0,"2026/04/03 13:09:25","東海林寛大",0,"","","","","","",214,99,61,90
"2026/4/3","ホーム球場",7,"裏",11,0,2,2,7,1,5,"北嶋洸太","右","北海道ガス","神里陸","左","ENEOS",0,0,"000",1,0,0,"スライダー","曲がる系",130,17,0,"ボール",0,1,0,,"",,"","",0,0,0,0,11,0,1,1,0,0,"2026/04/03 13:09:57","東海林寛大",0,"","","","","","",153,253,,
"2026/4/3","ホーム球場",7,"裏",11,0,2,2,8,2,5,"北嶋洸太","右","北海道ガス","神里陸","左","ENEOS",0,0,"000",1,1,0,"スプリット","落ちる系",129,16,0,"空振り",0,0,0,,"",,"","",0,0,0,0,11,0,1,1,1,0,"2026/04/03 13:10:10","東海林寛大",0,"","","","","","",226,26,,
"2026/4/3","ホーム球場",7,"裏",11,0,2,2,9,3,5,"北嶋洸太","右","北海道ガス","神里陸","左","ENEOS",0,0,"000",1,1,1,"ストレート","真直ぐ系",141,20,0,"ボール",0,0,0,,"",,"","",0,0,0,0,11,0,1,2,1,0,"2026/04/03 13:10:24","東海林寛大",0,"","","","","","",90,30,,
"2026/4/3","ホーム球場",7,"裏",11,0,2,2,10,4,5,"北嶋洸太","右","北海道ガス","神里陸","左","ENEOS",0,0,"000",1,2,1,"ストレート","真直ぐ系",141,15,0,"ボール",0,0,0,,"",,"","",0,0,0,0,11,0,1,3,1,0,"2026/04/03 13:10:44","東海林寛大",0,"","","","","","",211,272,,
"2026/4/3","ホーム球場",7,"裏",11,0,2,2,11,5,5,"北嶋洸太","右","北海道ガス","神里陸","左","ENEOS",0,0,"000",1,3,1,"ストレート","真直ぐ系",141,15,0,"ボール",0,0,1,,"","四球","","",0,0,0,0,11,0,1,0,0,0,"2026/04/03 13:11:10","東海林寛大",0,"","","","","","",222,274,,
"2026/4/3","ホーム球場",7,"裏",11,0,5,3,12,1,5,"北嶋洸太","右","北海道ガス","姫木陸斗","左","ENEOS",1,0,"100",1,0,0,"ストレート","真直ぐ系",139,3,1,"ファウル",0,1,0,,"フライ",,"B","L",0,0,0,0,11,0,1,0,1,0,"2026/04/03 13:11:51","東海林寛大",0,"","","","","","",213,95,-18,163
"2026/4/3","ホーム球場",7,"裏",11,0,5,3,13,2,5,"北嶋洸太","右","北海道ガス","姫木陸斗","左","ENEOS",1,0,"100",1,0,1,"スライダー","曲がる系",127,25,0,"ボール",0,0,0,,"",,"","",0,0,0,0,11,0,1,1,1,0,"2026/04/03 13:12:14","東海林寛大",0,"","","","","","",38,16,,
"2026/4/3","ホーム球場",7,"裏",11,0,5,3,14,3,5,"北嶋洸太","右","北海道ガス","姫木陸斗","左","ENEOS",1,0,"100",1,1,1,"ストレート","真直ぐ系",138,12,0,"ボール",0,0,0,,"",,"","",0,0,0,0,11,0,1,2,1,0,"2026/04/03 13:12:34","東海林寛大",0,"","","","","","",254,145,,
"2026/4/3","ホーム球場",7,"裏",11,0,5,3,15,4,5,"北嶋洸太","右","北海道ガス","姫木陸斗","左","ENEOS",1,0,"100",1,2,1,"スプリット","落ちる系",127,3,1,"ファウル",0,0,0,,"ゴロ",,"C","R",0,0,0,0,11,0,1,2,2,0,"2026/04/03 13:12:54","東海林寛大",0,"","","","","","",196,91,27,-38
"2026/4/3","ホーム球場",7,"裏",11,0,5,3,16,5,5,"北嶋洸太","右","北海道ガス","姫木陸斗","左","ENEOS",1,0,"100",1,2,2,"ストレート","真直ぐ系",142,3,1,"",0,0,1,,"ライナー","左安","B","L",7,0,0,0,11,0,1,0,0,0,"2026/04/03 13:13:27","東海林寛大",0,"","","","","","",222,90,37,179
"2026/4/3","ホーム球場",7,"裏",11,0,5,4,17,1,5,"北嶋洸太","右","北海道ガス","植田響介","右","ENEOS",1,1,"120",1,0,0,"カーブ","曲がる系",105,17,0,"ボール",0,1,0,,"",,"","",0,0,0,0,11,0,1,1,0,0,"2026/04/03 13:14:11","東海林寛大",0,"","","","","","",162,260,,
"2026/4/3","ホーム球場",7,"裏",11,0,5,4,18,2,5,"北嶋洸太","右","北海道ガス","植田響介","右","ENEOS",1,1,"120",1,1,0,"ストレート","真直ぐ系",140,25,0,"ボール",0,0,0,,"",,"","",0,0,0,0,11,0,1,2,0,0,"2026/04/03 13:14:29","東海林寛大",0,"","","","","","",38,32,,
"2026/4/3","ホーム球場",7,"裏",11,0,5,4,19,3,5,"北嶋洸太","右","北海道ガス","植田響介","右","ENEOS",1,1,"120",1,2,0,"ストレート","真直ぐ系",139,24,0,"ボール",0,0,0,,"",,"","",0,0,0,0,11,0,1,3,0,0,"2026/04/03 13:14:49","東海林寛大",0,"","","","","","",40,91,,
"2026/4/3","ホーム球場",7,"裏",11,0,5,4,20,4,5,"北嶋洸太","右","北海道ガス","植田響介","右","ENEOS",1,1,"120",1,3,0,"ストレート","真直ぐ系",139,24,0,"ボール",0,0,1,,"","四球","","",0,0,0,0,11,0,1,0,0,0,"2026/04/03 13:15:11","東海林寛大",0,"","","","","","",47,106,,
"2026/4/3","ホーム球場",7,"裏",11,0,5,5,21,1,5,"北嶋洸太","右","北海道ガス","篠原涼","左","ENEOS",1,1,"123",1,0,0,"スプリット","落ちる系",129,16,0,"ボール",0,1,0,,"",,"","",0,0,0,0,11,0,1,1,0,0,"2026/04/03 13:16:10","東海林寛大",0,"","","","","","",214,28,,
"2026/4/3","ホーム球場",7,"裏",11,0,5,5,22,2,5,"北嶋洸太","右","北海道ガス","篠原涼","左","ENEOS",1,1,"123",1,1,0,"ストレート","真直ぐ系",140,2,1,"",0,0,1,,"ライナー","中２","A","CL",8,1,3,3,14,0,1,0,0,0,"2026/04/03 13:16:26","東海林寛大",3,"北嶋洸太","北嶋洸太","北嶋洸太","","","",210,122,168,242
"2026/4/3","ホーム球場",7,"裏",14,0,2,6,23,1,5,"北嶋洸太","右","北海道ガス","阿部謙心","右","ENEOS",1,1,"020",1,0,0,"ストレート","真直ぐ系",136,11,0,"",0,1,1,,"フライ","投飛","C","CL",1,0,0,0,14,0,2,0,0,0,"2026/04/03 13:17:25","東海林寛大",0,"","","","","","",248,220,25,42
"2026/4/3","ホーム球場",7,"裏",14,0,6,7,24,1,5,"北嶋洸太","右","北海道ガス","猿渡颯","左","ENEOS",1,1,"020",2,0,0,"カーブ","曲がる系",110,24,0,"ボール",0,1,0,,"",,"","",0,0,0,0,14,0,2,1,0,0,"2026/04/03 13:18:05","東海林寛大",0,"","","","","","",36,101,,
"2026/4/3","ホーム球場",7,"裏",14,0,6,7,25,2,5,"北嶋洸太","右","北海道ガス","猿渡颯","左","ENEOS",1,1,"020",2,1,0,"ストレート","真直ぐ系",138,15,0,"ボール",0,0,0,,"",,"","",0,0,0,0,14,0,2,2,0,0,"2026/04/03 13:18:23","東海林寛大",0,"","","","","","",232,269,,
"2026/4/3","ホーム球場",7,"裏",14,0,6,7,26,3,5,"北嶋洸太","右","北海道ガス","猿渡颯","左","ENEOS",1,1,"020",2,2,0,"ストレート","真直ぐ系",135,1,1,"見送り",0,0,0,,"",,"","",0,0,0,0,14,0,2,2,1,0,"2026/04/03 13:18:43","東海林寛大",0,"","","","","","",230,196,,
"2026/4/3","ホーム球場",7,"裏",14,0,6,7,27,4,5,"北嶋洸太","右","北海道ガス","猿渡颯","左","ENEOS",1,1,"020",2,2,1,"ストレート","真直ぐ系",137,11,0,"ボール",0,0,0,,"",,"","",0,0,0,0,14,0,2,3,1,0,"2026/04/03 13:19:03","東海林寛大",0,"","","","","","",280,238,,
"2026/4/3","ホーム球場",7,"裏",14,0,6,7,28,5,5,"北嶋洸太","右","北海道ガス","猿渡颯","左","ENEOS",1,1,"020",2,3,1,"ストレート","真直ぐ系",135,7,1,"見送り",0,0,0,,"",,"","",0,0,0,0,14,0,2,3,2,0,"2026/04/03 13:19:24","東海林寛大",0,"","","","","","",92,215,,
"2026/4/3","ホーム球場",7,"裏",14,0,6,7,29,6,5,"北嶋洸太","右","北海道ガス","猿渡颯","左","ENEOS",1,1,"020",2,3,2,"ストレート","真直ぐ系",137,23,0,"",0,0,1,,"ゴロ","一ゴ","C","CL",3,0,0,0,14,0,2,0,0,0,"2026/04/03 13:19:44","東海林寛大",0,"","","","","","",53,153,52,85
"2026/4/3","ホーム球場",7,"裏",14,0,2,8,30,1,5,"北嶋洸太","右","北海道ガス","山田悠平","右","ENEOS",1,1,"103",2,0,0,"ストレート","真直ぐ系",137,20,0,"ボール",0,1,0,,"",,"","",0,0,0,0,14,0,2,1,0,0,"2026/04/03 13:20:33","東海林寛大",0,"","","","","","",72,19,,
"2026/4/3","ホーム球場",7,"裏",14,0,2,8,31,2,5,"北嶋洸太","右","北海道ガス","山田悠平","右","ENEOS",1,1,"103",2,1,0,"ストレート","真直ぐ系",137,2,1,"",0,0,1,,"ゴロ","遊ゴ","B","CL",6,0,0,0,14,0,3,0,0,0,"2026/04/03 13:20:53","東海林寛大",0,"","","","","","",209,141,56,96
"2026/4/3","ホーム球場",8,"表",14,0,1,1,1,1,3,"関根智輝","右","ENEOS","小栗研人","右","北海道ガス",0,0,"000",0,0,0,"ストレート","真直ぐ系",144,2,1,"見送り",0,1,0,,"",,"","",0,0,0,0,14,0,0,0,1,0,"2026/04/03 13:23:05","神里陸",0,"","","","","","",189,150,,
"2026/4/3","ホーム球場",8,"表",14,0,1,1,2,2,3,"関根智輝","右","ENEOS","小栗研人","右","北海道ガス",0,0,"000",0,0,1,"スライダー","曲がる系",128,9,1,"",0,0,1,,"ゴロ","遊ゴ","B","C",6,0,0,0,14,0,1,0,0,0,"2026/04/03 13:23:15","神里陸",0,"","","","","","",99,91,96,122
"2026/4/3","ホーム球場",8,"表",14,0,2,2,3,1,3,"関根智輝","右","ENEOS","東海林寛大","右","北海道ガス",0,0,"000",1,0,0,"ストレート","真直ぐ系",146,8,1,"見送り",0,1,0,,"",,"","",0,0,0,0,14,0,1,0,1,0,"2026/04/03 13:23:48","神里陸",0,"","","","","","",102,147,,
"2026/4/3","ホーム球場",8,"表",14,0,2,2,4,2,3,"関根智輝","右","ENEOS","東海林寛大","右","北海道ガス",0,0,"000",1,0,1,"ストレート","真直ぐ系",144,6,1,"空振り",0,0,0,,"",,"","",0,0,0,0,14,0,1,0,2,0,"2026/04/03 13:23:58","神里陸",0,"","","","","","",152,80,,
"2026/4/3","ホーム球場",8,"表",14,0,2,2,5,3,3,"関根智輝","右","ENEOS","東海林寛大","右","北海道ガス",0,0,"000",1,0,2,"ストレート","真直ぐ系",146,23,0,"ボール",0,0,0,,"",,"","",0,0,0,0,14,0,1,1,2,0,"2026/04/03 13:24:12","神里陸",0,"","","","","","",49,129,,
"2026/4/3","ホーム球場",8,"表",14,0,2,2,6,4,3,"関根智輝","右","ENEOS","東海林寛大","右","北海道ガス",0,0,"000",1,1,2,"スプリット","落ちる系",136,20,0,"",0,0,1,,"ゴロ","二ゴ","B","C",4,0,0,0,14,0,2,0,0,0,"2026/04/03 13:24:25","神里陸",0,"","","","","","",107,45,122,116
"2026/4/3","ホーム球場",8,"表",14,0,1,3,7,1,3,"関根智輝","右","ENEOS","浅賀雅人","左","北海道ガス",0,0,"000",2,0,0,"スプリット","落ちる系",138,16,0,"ボール",0,1,0,,"",,"","",0,0,0,0,14,0,2,1,0,0,"2026/04/03 13:25:04","神里陸",0,"","","","","","",221,28,,
"2026/4/3","ホーム球場",8,"表",14,0,1,3,8,2,3,"関根智輝","右","ENEOS","浅賀雅人","左","北海道ガス",0,0,"000",2,1,0,"スライダー","曲がる系",130,6,1,"見送り",0,0,0,,"",,"","",0,0,0,0,14,0,2,1,1,0,"2026/04/03 13:25:16","神里陸",0,"","","","","","",170,69,,
"2026/4/3","ホーム球場",8,"表",14,0,1,3,9,3,3,"関根智輝","右","ENEOS","浅賀雅人","左","北海道ガス",0,0,"000",2,1,1,"カーブ","曲がる系",111,13,0,"ボール",0,0,0,,"",,"","",0,0,0,0,14,0,2,2,1,0,"2026/04/03 13:25:27","神里陸",0,"","","","","","",258,106,,
"2026/4/3","ホーム球場",8,"表",14,0,1,3,10,4,3,"関根智輝","右","ENEOS","浅賀雅人","左","北海道ガス",0,0,"000",2,2,1,"ストレート","真直ぐ系",145,3,1,"ファウル",0,0,0,,"フライ",,"B","L",0,0,0,0,14,0,2,2,2,0,"2026/04/03 13:25:38","神里陸",0,"","","","","","",223,105,-27,66
"2026/4/3","ホーム球場",8,"表",14,0,1,3,11,5,3,"関根智輝","右","ENEOS","浅賀雅人","左","北海道ガス",0,0,"000",2,2,2,"スプリット","落ちる系",138,18,0,"ボール",0,0,0,,"",,"","",0,0,0,0,14,0,2,3,2,0,"2026/04/03 13:25:56","神里陸",0,"","","","","","",151,17,,
"2026/4/3","ホーム球場",8,"表",14,0,1,3,12,6,3,"関根智輝","右","ENEOS","浅賀雅人","左","北海道ガス",0,0,"000",2,3,2,"ストレート","真直ぐ系",147,2,1,"ファウル",0,0,0,,"ゴロ",,"C","L",0,0,0,0,14,0,2,3,2,0,"2026/04/03 13:26:10","神里陸",0,"","","","","","",223,163,-30,26
"2026/4/3","ホーム球場",8,"表",14,0,1,3,13,7,3,"関根智輝","右","ENEOS","浅賀雅人","左","北海道ガス",0,0,"000",2,3,2,"ストレート","真直ぐ系",146,8,1,"",0,0,1,,"ライナー","中安","A","C",8,0,0,0,14,0,2,0,0,0,"2026/04/03 13:26:33","神里陸",0,"","","","","","",85,162,150,145
"2026/4/3","ホーム球場",8,"表",14,0,1,4,14,1,3,"関根智輝","右","ENEOS","堀田將人","右","北海道ガス",1,0,"100",2,0,0,"ストレート","真直ぐ系",146,8,1,"ファウル",0,1,0,,"フライ",,"B","L",0,0,0,0,14,0,2,0,1,0,"2026/04/03 13:27:12","神里陸",0,"","","","","","",101,136,-25,178
"2026/4/3","ホーム球場",8,"表",14,0,1,4,15,2,3,"関根智輝","右","ENEOS","堀田將人","右","北海道ガス",1,0,"100",2,0,1,"ストレート","真直ぐ系",145,2,1,"見送り",0,0,0,,"",,"","",0,0,0,0,14,0,2,0,2,0,"2026/04/03 13:27:38","神里陸",0,"","","","","","",216,139,,
"2026/4/3","ホーム球場",8,"表",14,0,1,4,16,3,3,"関根智輝","右","ENEOS","堀田將人","右","北海道ガス",1,0,"100",2,0,2,"スプリット","落ちる系",137,20,0,"",0,0,1,,"ライナー","左直","A","CL",7,0,0,0,14,0,3,0,0,0,"2026/04/03 13:27:54","神里陸",0,"","","","","","",117,56,77,186
"2026/4/3","ホーム球場",8,"裏",14,0,6,1,1,1,6,"畑賢志郎","右","北海道ガス","村上裕一郎","右","ENEOS",0,0,"000",0,0,0,"ストレート","真直ぐ系",144,20,0,"ボール",0,1,0,,"",,"","",0,0,0,0,14,0,0,1,0,0,"2026/04/03 13:30:08","東海林寛大",0,"","","","","","",65,30,,
"2026/4/3","ホーム球場",8,"裏",14,0,6,1,2,2,6,"畑賢志郎","右","北海道ガス","村上裕一郎","右","ENEOS",0,0,"000",0,1,0,"ストレート","真直ぐ系",143,24,0,"ボール",0,0,0,,"",,"","",0,0,0,0,14,0,0,2,0,0,"2026/04/03 13:30:20","東海林寛大",0,"","","","","","",40,84,,
"2026/4/3","ホーム球場",8,"裏",14,0,6,1,3,3,6,"畑賢志郎","右","北海道ガス","村上裕一郎","右","ENEOS",0,0,"000",0,2,0,"ストレート","真直ぐ系",139,7,1,"",0,0,1,,"フライ","右２","A","R",9,0,0,0,14,0,0,0,0,0,"2026/04/03 13:30:34","東海林寛大",0,"","","","","","",83,202,262,65
"2026/4/3","ホーム球場",8,"裏",14,0,1,2,4,1,6,"畑賢志郎","右","北海道ガス","境野峻介","左","ENEOS",1,1,"020",0,0,0,"ストレート","真直ぐ系",137,24,0,"ボール",0,1,0,,"",,"","",0,0,0,0,14,0,0,1,0,0,"2026/04/03 13:31:27","東海林寛大",0,"","","","","","",-2,103,,
"2026/4/3","ホーム球場",8,"裏",14,0,1,2,5,2,6,"畑賢志郎","右","北海道ガス","境野峻介","左","ENEOS",1,1,"020",0,1,0,"ストレート","真直ぐ系",143,8,1,"ファウル",0,0,0,,"ライナー",,"B","L",0,0,0,0,14,0,0,1,1,0,"2026/04/03 13:31:46","東海林寛大",0,"","","","","","",101,175,-37,34
"2026/4/3","ホーム球場",8,"裏",14,0,1,2,6,3,6,"畑賢志郎","右","北海道ガス","境野峻介","左","ENEOS",1,1,"020",0,1,1,"ストレート","真直ぐ系",144,4,1,"ファウル",0,0,0,,"フライ",,"B","L",0,0,0,0,14,0,0,1,2,0,"2026/04/03 13:32:07","東海林寛大",0,"","","","","","",136,210,-19,193
"2026/4/3","ホーム球場",8,"裏",14,0,1,2,7,4,6,"畑賢志郎","右","北海道ガス","境野峻介","左","ENEOS",1,1,"020",0,1,2,"スプリット","落ちる系",133,3,1,"",0,0,1,,"ゴロ","投ゴ","B","C",1,0,0,0,14,0,1,0,0,0,"2026/04/03 13:32:47","東海林寛大",0,"","","","","","",228,121,30,39
"2026/4/3","ホーム球場",8,"裏",14,0,3,3,8,1,6,"畑賢志郎","右","北海道ガス","神里陸","左","ENEOS",1,1,"020",1,0,0,"ストレート","真直ぐ系",143,8,1,"見送り",0,1,0,,"",,"","",0,0,0,0,14,0,1,0,1,0,"2026/04/03 13:33:24","東海林寛大",0,"","","","","","",77,149,,
"2026/4/3","ホーム球場",8,"裏",14,0,3,3,9,2,6,"畑賢志郎","右","北海道ガス","神里陸","左","ENEOS",1,1,"020",1,0,1,"ストレート","真直ぐ系",139,8,1,"ファウル",0,0,0,,"フライ",,"B","R",0,0,0,0,14,0,1,0,2,0,"2026/04/03 13:33:45","東海林寛大",0,"","","","","","",79,178,225,-19
"2026/4/3","ホーム球場",8,"裏",14,0,3,3,10,3,6,"畑賢志郎","右","北海道ガス","神里陸","左","ENEOS",1,1,"020",1,0,2,"ストレート","真直ぐ系",142,10,0,"ボール",0,0,0,,"",,"","",0,0,0,0,14,0,1,1,2,0,"2026/04/03 13:34:15","東海林寛大",0,"","","","","","",256,272,,
"2026/4/3","ホーム球場",8,"裏",14,0,3,3,11,4,6,"畑賢志郎","右","北海道ガス","神里陸","左","ENEOS",1,1,"020",1,1,2,"ストレート","真直ぐ系",142,24,0,"",0,0,1,,"","死球","","",0,0,0,0,14,0,1,0,0,0,"2026/04/03 13:34:35","東海林寛大",0,"","","","","","",-13,64,,
"2026/4/3","ホーム球場",8,"裏",14,0,6,4,12,1,6,"畑賢志郎","右","北海道ガス","姫木陸斗","左","ENEOS",1,1,"120",1,0,0,"ストレート","真直ぐ系",144,3,1,"空振り",0,1,0,,"",,"","",0,0,0,0,14,0,1,0,1,0,"2026/04/03 13:35:29","東海林寛大",0,"","","","","","",193,75,,
"2026/4/3","ホーム球場",8,"裏",14,0,6,4,13,2,6,"畑賢志郎","右","北海道ガス","姫木陸斗","左","ENEOS",1,1,"120",1,0,1,"ストレート","真直ぐ系",144,9,1,"見送り",0,0,0,,"",,"","",0,0,0,0,14,0,1,0,2,0,"2026/04/03 13:35:49","東海林寛大",0,"","","","","","",80,103,,
"2026/4/3","ホーム球場",8,"裏",14,0,6,4,14,3,6,"畑賢志郎","右","北海道ガス","姫木陸斗","左","ENEOS",1,1,"120",1,0,2,"カットボール","曲がる系",135,3,1,"ファウル",0,0,0,,"フライ",,"B","L",0,0,0,0,14,0,1,0,2,0,"2026/04/03 13:36:13","東海林寛大",0,"","","","","","",223,102,-37,50
"2026/4/3","ホーム球場",8,"裏",14,0,6,4,15,4,6,"畑賢志郎","右","北海道ガス","姫木陸斗","左","ENEOS",1,1,"120",1,0,2,"スプリット","落ちる系",134,18,0,"ファウル",0,0,0,,"ゴロ",,"C","R",0,0,0,0,14,0,1,0,2,0,"2026/04/03 13:36:43","東海林寛大",0,"","","","","","",138,9,-33,-39
"2026/4/3","ホーム球場",8,"裏",14,0,6,4,16,5,6,"畑賢志郎","右","北海道ガス","姫木陸斗","左","ENEOS",1,1,"120",1,0,2,"ストレート","真直ぐ系",143,1,1,"",0,0,1,,"ゴロ","左安","A","L",7,0,0,0,14,0,1,0,0,0,"2026/04/03 13:37:17","東海林寛大",0,"","","","","","",184,220,37,185
"2026/4/3","ホーム球場",8,"裏",14,0,6,5,17,1,6,"畑賢志郎","右","北海道ガス","植田響介","右","ENEOS",1,1,"123",1,0,0,"ストレート","真直ぐ系",143,9,1,"ファウル",0,1,0,,"ライナー",,"B","R",0,0,0,0,14,0,1,0,1,0,"2026/04/03 13:38:22","東海林寛大",0,"","","","","","",71,118,16,-25
"2026/4/3","ホーム球場",8,"裏",14,0,6,5,18,2,6,"畑賢志郎","右","北海道ガス","植田響介","右","ENEOS",1,1,"123",1,0,1,"ストレート","真直ぐ系",139,21,0,"ボール",0,0,0,,"",,"","",0,0,0,0,14,0,1,1,1,0,"2026/04/03 13:38:44","東海林寛大",0,"","","","","","",23,248,,
"2026/4/3","ホーム球場",8,"裏",14,0,6,5,19,3,6,"畑賢志郎","右","北海道ガス","植田響介","右","ENEOS",1,1,"123",1,1,1,"ストレート","真直ぐ系",143,22,0,"ボール",0,0,0,,"",,"","",0,0,0,0,14,0,1,2,1,0,"2026/04/03 13:39:04","東海林寛大",0,"","","","","","",16,207,,
"2026/4/3","ホーム球場",8,"裏",14,0,6,5,20,4,6,"畑賢志郎","右","北海道ガス","植田響介","右","ENEOS",1,1,"123",1,2,1,"ストレート","真直ぐ系",143,6,1,"",0,0,1,,"ライナー","右安","A","CR",9,1,2,2,16,0,1,0,0,0,"2026/04/03 13:39:36","東海林寛大",2,"畑賢志郎","畑賢志郎","","","","",149,87,209,113
"2026/4/3","ホーム球場",8,"裏",16,0,6,6,21,1,6,"畑賢志郎","右","北海道ガス","篠原涼","左","ENEOS",1,1,"120",1,0,0,"スプリット","落ちる系",132,2,1,"見送り",0,1,0,,"",,"","",0,0,0,0,16,0,1,0,1,0,"2026/04/03 13:40:31","東海林寛大",0,"","","","","","",203,143,,
"2026/4/3","ホーム球場",8,"裏",16,0,6,6,22,2,6,"畑賢志郎","右","北海道ガス","篠原涼","左","ENEOS",1,1,"120",1,0,1,"ストレート","真直ぐ系",140,22,0,"ボール",0,0,0,,"",,"","",0,0,0,0,16,0,1,1,1,0,"2026/04/03 13:40:51","東海林寛大",0,"","","","","","",41,194,,
"2026/4/3","ホーム球場",8,"裏",16,0,6,6,23,3,6,"畑賢志郎","右","北海道ガス","篠原涼","左","ENEOS",1,1,"120",1,1,1,"ストレート","真直ぐ系",143,24,0,"ボール",0,0,0,,"",,"","",0,0,0,0,16,0,1,2,1,0,"2026/04/03 13:41:13","東海林寛大",0,"","","","","","",42,108,,
"2026/4/3","ホーム球場",8,"裏",16,0,6,6,24,4,6,"畑賢志郎","右","北海道ガス","篠原涼","左","ENEOS",1,1,"120",1,2,1,"ストレート","真直ぐ系",143,9,1,"見送り",0,0,0,,"",,"","",0,0,0,0,16,0,1,2,2,0,"2026/04/03 13:41:36","東海林寛大",0,"","","","","","",93,113,,
"2026/4/3","ホーム球場",8,"裏",16,0,6,6,25,5,6,"畑賢志郎","右","北海道ガス","篠原涼","左","ENEOS",1,1,"120",1,2,2,"スプリット","落ちる系",134,6,1,"",0,0,1,,"ゴロ","一ゴ","C","R",3,0,0,0,16,0,2,0,0,0,"2026/04/03 13:42:00","東海林寛大",0,"","","","","","",144,82,137,32
"2026/4/3","ホーム球場",8,"裏",16,0,3,7,26,1,6,"畑賢志郎","右","北海道ガス","阿部謙心","右","ENEOS",1,1,"023",2,0,0,"ストレート","真直ぐ系",138,25,0,"ボール",0,1,0,,"",,"","",0,0,0,0,16,0,2,1,0,0,"2026/04/03 13:42:46","東海林寛大",0,"","","","","","",42,47,,
"2026/4/3","ホーム球場",8,"裏",16,0,3,7,27,2,6,"畑賢志郎","右","北海道ガス","阿部謙心","右","ENEOS",1,1,"023",2,1,0,"ストレート","真直ぐ系",144,22,0,"ボール",0,0,0,,"",,"","",0,0,0,0,16,0,2,2,0,0,"2026/04/03 13:43:07","東海林寛大",0,"","","","","","",25,181,,
"2026/4/3","ホーム球場",8,"裏",16,0,3,7,28,3,6,"畑賢志郎","右","北海道ガス","阿部謙心","右","ENEOS",1,1,"023",2,2,0,"ストレート","真直ぐ系",142,17,0,"空振り",0,0,0,,"",,"","",0,0,0,0,16,0,2,2,1,0,"2026/04/03 13:43:31","東海林寛大",0,"","","","","","",142,245,,
"2026/4/3","ホーム球場",8,"裏",16,0,3,7,29,4,6,"畑賢志郎","右","北海道ガス","阿部謙心","右","ENEOS",1,1,"023",2,2,1,"ストレート","真直ぐ系",143,17,0,"空振り",0,0,0,,"",,"","",0,0,0,0,16,0,2,2,2,0,"2026/04/03 13:43:51","東海林寛大",0,"","","","","","",152,243,,
"2026/4/3","ホーム球場",8,"裏",16,0,3,7,30,5,6,"畑賢志郎","右","北海道ガス","阿部謙心","右","ENEOS",1,1,"023",2,2,2,"ストレート","真直ぐ系",143,8,1,"ファウル",0,0,0,,"フライ",,"B","R",0,0,0,0,16,0,2,2,2,0,"2026/04/03 13:44:11","東海林寛大",0,"","","","","","",77,158,189,-31
"2026/4/3","ホーム球場",8,"裏",16,0,3,7,31,6,6,"畑賢志郎","右","北海道ガス","阿部謙心","右","ENEOS",1,1,"023",2,2,2,"ストレート","真直ぐ系",143,7,1,"",0,0,1,,"ゴロ","三安","C","L",5,1,1,1,17,0,2,0,0,0,"2026/04/03 13:44:45","東海林寛大",1,"畑賢志郎","","","","","",75,226,14,56
"2026/4/3","ホーム球場",8,"裏",17,0,7,8,32,1,6,"畑賢志郎","右","北海道ガス","猿渡颯","左","ENEOS",1,1,"103",2,0,0,"ストレート","真直ぐ系",141,17,0,"ボール",0,1,0,,"",,"","",0,0,0,0,17,0,2,1,0,0,"2026/04/03 13:45:37","東海林寛大",0,"","","","","","",140,255,,
"2026/4/3","ホーム球場",8,"裏",17,0,7,8,33,2,6,"畑賢志郎","右","北海道ガス","猿渡颯","左","ENEOS",1,1,"103",2,1,0,"ストレート","真直ぐ系",138,4,1,"",0,0,1,,"フライ","左邪飛","B","L",7,0,0,0,17,0,3,0,0,0,"2026/04/03 13:45:56","東海林寛大",0,"","","","","","",123,219,-20,180
"2026/4/3","ホーム球場",9,"表",17,0,1,1,17,1,3,"関根智輝","右","ENEOS","田中鱗太郎","右","北海道ガス",0,0,"000",0,0,0,"ストレート","真直ぐ系",133,25,0,"ボール",0,1,0,,"",,"","",0,0,0,0,17,0,0,1,0,0,"2026/04/03 13:47:59","神里陸",0,"","","","","","",47,13,,
"2026/4/3","ホーム球場",9,"表",17,0,1,1,18,2,3,"関根智輝","右","ENEOS","田中鱗太郎","右","北海道ガス",0,0,"000",0,1,0,"スライダー","曲がる系",133,9,1,"ファウル",0,0,0,,"ゴロ",,"C","L",0,0,0,0,17,0,0,1,1,0,"2026/04/03 13:48:09","神里陸",0,"","","","","","",79,107,-9,56
"2026/4/3","ホーム球場",9,"表",17,0,1,1,19,3,3,"関根智輝","右","ENEOS","田中鱗太郎","右","北海道ガス",0,0,"000",0,1,1,"カーブ","曲がる系",115,25,0,"ボール",0,0,0,,"",,"","",0,0,0,0,17,0,0,2,1,0,"2026/04/03 13:48:25","神里陸",0,"","","","","","",45,56,,
"2026/4/3","ホーム球場",9,"表",17,0,1,1,20,4,3,"関根智輝","右","ENEOS","田中鱗太郎","右","北海道ガス",0,0,"000",0,2,1,"ストレート","真直ぐ系",143,5,1,"",0,0,1,,"ゴロ","中安","A","C",8,0,0,0,17,0,0,0,0,0,"2026/04/03 13:48:37","神里陸",0,"","","","","","",123,156,140,139
"2026/4/3","ホーム球場",9,"表",17,0,4,2,21,1,3,"関根智輝","右","ENEOS","寺田和史","左","北海道ガス",1,0,"100",0,0,0,"ストレート","真直ぐ系",144,1,1,"空振り",0,1,0,,"",,"","",0,0,0,0,17,0,0,0,1,0,"2026/04/03 13:49:15","神里陸",0,"","","","","","",209,188,,
"2026/4/3","ホーム球場",9,"表",17,0,4,2,22,2,3,"関根智輝","右","ENEOS","寺田和史","左","北海道ガス",1,0,"100",0,0,1,"スプリット","落ちる系",135,16,0,"ボール",0,0,0,,"",,"","",0,0,0,0,17,0,0,1,1,0,"2026/04/03 13:49:30","神里陸",0,"","","","","","",230,23,,
"2026/4/3","ホーム球場",9,"表",17,0,4,2,23,3,3,"関根智輝","右","ENEOS","寺田和史","左","北海道ガス",1,0,"100",0,1,1,"カットボール","曲がる系",135,20,0,"ボール",0,0,0,,"",,"","",0,0,0,0,17,0,0,2,1,0,"2026/04/03 13:49:45","神里陸",0,"","","","","","",65,33,,
"2026/4/3","ホーム球場",9,"表",17,0,4,2,24,4,3,"関根智輝","右","ENEOS","寺田和史","左","北海道ガス",1,0,"100",0,2,1,"ストレート","真直ぐ系",143,2,1,"見送り",0,0,0,,"",,"","",0,0,0,0,17,0,0,2,2,0,"2026/04/03 13:50:09","神里陸",0,"","","","","","",227,123,,
"2026/4/3","ホーム球場",9,"表",17,0,4,2,25,5,3,"関根智輝","右","ENEOS","寺田和史","左","北海道ガス",1,0,"100",0,2,2,"ストレート","真直ぐ系",144,12,0,"ボール",0,0,0,,"",,"","",0,0,0,0,17,0,0,3,2,0,"2026/04/03 13:50:28","神里陸",0,"","","","","","",267,146,,
"2026/4/3","ホーム球場",9,"表",17,0,4,2,26,6,3,"関根智輝","右","ENEOS","寺田和史","左","北海道ガス",1,0,"100",0,3,2,"ストレート","真直ぐ系",146,1,1,"空振り",0,0,1,,"","空三振","","",2,0,0,0,17,0,1,0,0,0,"2026/04/03 13:50:47","神里陸",0,"","","","","","",222,184,,
"2026/4/3","ホーム球場",9,"表",17,0,2,3,27,1,3,"関根智輝","右","ENEOS","竹中裕貴","右","北海道ガス",1,0,"100",1,0,0,"ストレート","真直ぐ系",143,20,0,"ボール",0,1,0,,"",,"","",0,0,0,0,17,0,1,1,0,0,"2026/04/03 13:51:16","神里陸",0,"","","","","","",77,30,,
"2026/4/3","ホーム球場",9,"表",17,0,2,3,28,2,3,"関根智輝","右","ENEOS","竹中裕貴","右","北海道ガス",1,0,"100",1,1,0,"ストレート","真直ぐ系",145,6,1,"見送り",0,0,0,,"",,"","",0,0,0,0,17,0,1,1,1,0,"2026/04/03 13:51:32","神里陸",0,"","","","","","",141,84,,
"2026/4/3","ホーム球場",9,"表",17,0,2,3,29,3,3,"関根智輝","右","ENEOS","竹中裕貴","右","北海道ガス",1,0,"100",1,1,1,"ストレート","真直ぐ系",145,6,1,"",0,0,1,,"ゴロ","遊併","B","CL",6,0,0,0,17,0,3,0,0,0,"2026/04/03 13:51:48","神里陸",0,"","","","","","",130,91,43,100